,landmark,address,tags,score,읍면동,SUM_GRGS_DSAMT
0,성산일출봉(UNESCO 세계자연유산),제주특별자치도 서귀포시 성산읍 일출로 284-12,"#일출 #오름 #경관/포토
#부모 #자연경관 #포토스팟 #유네스코",-3,성산읍,0.06332246379827976
1,섭지코지,제주특별자치도 서귀포시 성산읍 섭지코지로 107,"#일출 #해변 #경관/포토
#커플 #맑음 #가을 #자연경관 #포토스팟 #봄꽃 #유채꽃",-1,성산읍,0.06332246379827976
2,광치기해변,제주특별자치도 서귀포시 성산읍 섭지코지로 63,"#일출 #해변 #경관/포토
#흐림 #봄 #자연경관 #포토스팟 #봄꽃 #유채꽃",-1,성산읍,0.06332246379827976
3,아쿠아플라넷 제주,제주특별자치도 서귀포시 성산읍 섭지코지로 95,"#실내 #테마공원 #아이
#비.눈 #사계절 #우수관광사업체 #실내관광지 #어린이 #어트랙션 #어린이동물농장 #안전여행스탬프",2,성산읍,0.06332246379827976
4,김영갑갤러리 두모악,제주특별자치도 서귀포시 성산읍 삼달로 137,"#예술 #실내 #미술/박물관
#커플 #흐림 #겨울 #문화관광 #어트랙션",-1,성산읍,0.06332246379827976
5,신양섭지해수욕장,제주특별자치도 서귀포시 성산읍 섭지코지로 107,"#해수욕장 #액티비티 #커플
#맑음 #여름 #자연경관 #체험 #레저/체험 #해변 #물놀이 #수상레저",6,성산읍,0.06332246379827976
6,일출랜드,제주특별자치도 서귀포시 성산읍 중산간동로 4150-30,"#테마공원 #아이 #맑음
#우수관광사업체 #실내관광지 #어트랙션 #안전여행스탬프 #가족 #체험 #곶자왈",4,성산읍,0.06332246379827976
7,성산항,제주특별자치도 서귀포시 성산읍 성산등용로 129-21,#맑음,0,성산읍,0.06332246379827976
8,제주해양동물박물관,제주특별자치도 서귀포시 성산읍 서성일로 689-21,"#실내 #미술/박물관 #아이
#비.눈 #사계절 #실내관광지 #문화관광 #박물관 #어린이 #어트랙션 #어린이동물농장 #안전여행스탬프",1,성산읍,0.06332246379827976
9,혼인지,제주특별자치도 서귀포시 성산읍 혼인지로 39-22,"#문화유적지 #맑음 #문화관광
#역사유적 #수국",3,성산읍,0.06332246379827976
10,제주베니스랜드,제주특별자치도 서귀포시 성산읍 난산리 2575,"#테마공원 #아이 #가을
#어린이 #어트랙션",2,성산읍,0.06332246379827976
11,제주커피박물관 바움 Baum,제주특별자치도 서귀포시 성산읍 서성일로1168번길 89-17,"#실내 #미술/박물관 #친구
#커플 #비.눈 #겨울 #실내관광지 #문화관광 #박물관 #어트랙션",0,성산읍,0.06332246379827976
12,터진목 & 성산면 4·3희생자 위령비,제주특별자치도 서귀포시 성산읍 일출로 88-19,"#4.3 #문화유적지 #문화관광
#제주4.3 #역사유적 #어트랙션",4,성산읍,0.06332246379827976
13,우도잠수함(제주씨월드),제주특별자치도 서귀포시 성산읍 성산등용로 130-21,"#액티비티 #부모 #아이
#체험 #레저/체험 #어린이 #수상레저 #어트랙션",5,성산읍,0.06332246379827976
14,오조포구,제주특별자치도 서귀포시 성산읍 오조리,"#포구 #일출 #해변
#문화유적지 #자연경관 #역사유적 #k-drama",3,성산읍,0.06332246379827976
15,제주올레 1코스,제주특별자치도 서귀포시 성산읍 오조리 396-1,"#올레 #걷기/등산 #친구
#자연경관 #도보여행 #도보",-3,성산읍,0.06332246379827976
16,성산오조리해안,제주특별자치도 거쉬포시 성산읍 한도로,"#해변 #경관/포토 #커플
#맑음 #겨울 #자연경관 #포토스팟",-2,성산읍,0.06332246379827976
17,두산봉(말미오름),제주특별자치도 서귀포시 성산읍 시흥리 산 1-5,"#커플 #친구 #일출
#봄 #오름 #자연경관 #도보여행 #도보",-3,성산읍,0.06332246379827976
18,"대수산봉(큰물뫼,물미오름)",제주특별자치도 서귀포시 성산읍 서성일로1168번길 89-17,"#부모 #아이 #친구
#커플 #혼자 #맑음 #오름 #자연경관 #도보여행 #도보 #어린이",-4,성산읍,0.06332246379827976
19,쇠와꽃 승마장,제주특별자치도 서귀포시 성산읍 섭지코지로25번길 88-17,"#커플 #친구 #아이
#맑음 #액티비티 #승마 #체험 #레저/체험 #어린이 #어트랙션",5,성산읍,0.06332246379827976
20,제주올레 2코스,제주특별자치도 서귀포시 성산읍 고성리 2563-3,"#올레 #걷기/등산 #친구
#봄 #가을 #자연경관 #도보여행 #도보",-3,성산읍,0.06332246379827976
21,미천굴,제주특별자치도 서귀포시 성산읍 온평동로34번길 18,"#동굴 #경관/포토 #커플
#아이 #맑음 #여름 #자연경관 #포토스팟 #어린이",-2,성산읍,0.06332246379827976
22,온평리 포구,제주특별자치도 서귀포시 성산읍 온평리,"#포구 #해변 #문화유적지
#봄 #자연경관 #역사유적",2,성산읍,0.06332246379827976
23,유건에오름,제주특별자치도 서귀포시 성산읍 난산리 2302,"#오름 #걷기/등산 #자연경관
#도보여행 #도보",-3,성산읍,0.06332246379827976
24,제주어울림감귤체험농장,제주특별자치도 서귀포시 성산읍 서성일로 809,#체험관광 #체험 #어트랙션,3,성산읍,0.06332246379827976
25,지포뮤지엄,제주특별자치도 서귀포시 성산읍 섭지코지로 107,"#실내 #미술/박물관 #친구
#커플 #비.눈 #사계절 #실내관광지 #어트랙션",-1,성산읍,0.06332246379827976
26,통오름,제주특별자치도 서귀포시 성산읍 신산리 1754-1,"#오름 #청년 #중/장년
#휴식/치유 #경관/포토 #액티비티 #친구 #혼자 #커플 #자연경관 #체험 #도보여행 #도보 #레저/체험 #포토스팟 #어트랙션",-3,성산읍,0.06332246379827976
27,고흐의 정원,제주특별자치도 서귀포시 성산읍 삼달신풍로 126-5,"#부모 #커플 #혼자
#친구 #아이 #사계절 #미술 #체험전시 #자연경관 #실내관광지 #문화관광 #체험 #어린이 #어트랙션",2,성산읍,0.06332246379827976
28,궁대오름(궁대악),제주특별자치도 서귀포시 성산읍 금백조로 446,"#부모 #커플 #친구
#경관/포토 #휴식/힐링 #테마공원 #오름 #사계절 #청년 #중/장년 #휴식/치유 #자연경관 #도보여행 #도보 #포토스팟",-7,성산읍,0.06332246379827976
29,농개,제주특별자치도 서귀포시 성산읍 환해장성로111번길 4,"#맑음 #휴식/힐링 #여름
#해변 #올레 #물놀이 #용천수 #낚시 #자연경관",0,성산읍,0.06332246379827976
30,"대왕산(왕뫼, 왕메, 왕미)",제주특별자치도 서귀포시 성산읍 수산리 1429,"#부모 #커플 #혼자
#친구 #맑음 #오름 #아이 #자연경관 #어린이",-2,성산읍,0.06332246379827976
31,독자봉독자봉,제주특별자치도 서귀포시 성산읍 신산리 1785,"#커플 #친구 #아이
#맑음 #오름 #자연경관 #어린이",-2,성산읍,0.06332246379827976
32,우도(해양도립공원),제주특별자치도 제주시 우도면 삼양고수물길 1,"#섬속의섬 #경관/포토 #아이
#맑음 #자연경관 #포토스팟 #어린이 #봄꽃 #유채꽃 #유네스코",-3,우도면,0.024233296710090793
33,우도산호해변 홍조단괴 서빈백사,제주특별자치도 제주시 우도면 우도해안길 252,"#일몰 #해변 #경관/포토
#커플 #맑음 #여름 #자연경관 #포토스팟",-3,우도면,0.024233296710090793
34,검멀레해변,제주특별자치도 제주시 우도면 우도해안길,"#해변 #경관/포토 #커플
#맑음 #여름 #자연경관 #포토스팟 #k-drama",-2,우도면,0.024233296710090793
35,하고수동해변,제주특별자치도 제주시 우도면 연평리,"#해변 #휴식/힐링 #친구
#커플 #맑음 #여름 #자연경관",-1,우도면,0.024233296710090793
36,우도 비양도,제주특별자치도 제주시 우도면 연평리,"#일출 #경관/포토 #아이
#맑음 #봄 #자연경관 #포토스팟 #어린이 #언택트 #k-drama",-3,우도면,0.024233296710090793
37,우도등대,제주특별자치도 제주시 우도면 우도봉길 105,"#등대 #경관/포토 #친구
#맑음 #봄 #포토스팟",-2,우도면,0.024233296710090793
38,톨칸이,제주특별자치도 제주시 우도면 연평리 1732-1,"#커플 #친구 #혼자
#경관/포토 #해변 #자연경관 #포토스팟",-2,우도면,0.024233296710090793
39,검멀레동굴,제주특별자치도 제주시 우도면,"#경관/포토 #친구 #커플
#부모 #아이 #맑음 #동굴 #자연경관 #포토스팟 #어린이",-2,우도면,0.024233296710090793
40,답다니 탑망대(하트원담),제주특별자치도 제주시 우도면 연평리 798,"#등대 #경관/포토 #맑음
#포토스팟 #어트랙션 #수국",-1,우도면,0.024233296710090793
41,우도봉 풍경,제주특별자치도 제주시 우도면 연평리 1,"#일출 #오름 #경관/포토
#맑음 #자연경관 #포토스팟",-3,우도면,0.024233296710090793
42,제주올레 1-1코스,제주특별자치도 제주시 우도면 연평리 2473-1,"#커플 #혼자 #친구
#맑음 #봄 #가을 #올레 #자연경관 #도보여행 #도보",-4,우도면,0.024233296710090793
43,노을승마장,제주특별자치도 제주시 우도면 우도해안길 406-1,"#승마 #액티비티 #체험
#레저/체험 #어트랙션",5,우도면,0.024233296710090793
44,우도스쿠터여행,제주특별자치도 제주시 우도면 2395-5,"#액티비티 #친구 #커플
#맑음 #가을 #체험 #레저/체험 #어트랙션",4,우도면,0.024233296710090793
45,우도올레보트,제주특별자치도 제주시 우도면 연평리 2562-1,"#올레 #액티비티 #맑음
#체험 #레저/체험 #수상레저 #어트랙션",4,우도면,0.024233296710090793
46,등머을레져,제주특별자치도 제주시 우도면 우도해안길 70,"#액티비티 #맑음 #체험
#레저/체험 #수상레저 #어트랙션",5,우도면,0.024233296710090793
47,사려니숲길,제주특별자치도 제주시 조천읍 교래리 산 137-1,"#숲길 #걷기/등산 #친구
#커플 #흐림 #봄 #자연경관 #도보여행 #도보 #숲 #단풍",-4,조천읍,0.05930770663078257
48,함덕해수욕장,제주특별자치도 제주시 조천읍 조함해안로 519-10,"#해수욕장 #액티비티 #아이
#맑음 #여름 #자연경관 #체험 #레저/체험 #해변 #물놀이 #어린이 #수상레저",6,조천읍,0.05930770663078257
49,산굼부리,제주특별자치도 제주시 조천읍 비자림로 768,"#오름 #걷기/등산 #친구
#맑음 #가을 #우수관광사업체 #자연경관 #억새",-2,조천읍,0.05930770663078257
50,에코랜드 테마파크,제주특별자치도 제주시 조천읍 번영로 1278-169,"#테마공원 #아이 #맑음
#봄 #가을 #겨울 #실내관광지 #어린이 #어트랙션",2,조천읍,0.05930770663078257
51,선녀와나무꾼,제주특별자치도 제주시 조천읍 선교로 267,"#실내 #테마공원 #커플
#아이 #흐림 #사계절 #실내관광지 #어린이 #어트랙션",1,조천읍,0.05930770663078257
52,제주돌문화공원,제주특별자치도 제주시 조천읍 남조로 2023,"#테마공원 #커플 #흐림
#겨울 #실내관광지 #어트랙션",2,조천읍,0.05930770663078257
53,너븐숭이 4.3기념관,제주특별자치도 제주시 조천읍 북촌3길 3,"#4.3 #실내 #미술/박물관
#부모 #비.눈 #봄 #자연경관 #문화관광 #제주4.3 #역사유적 #어트랙션",0,조천읍,0.05930770663078257
54,거문오름(UNESCO 세계자연유산),제주특별자치도 제주시 조천읍 선교로 569-36,"#부모 #커플 #혼자
#친구 #맑음 #오름 #세계자연유산 #자연경관 #도보여행 #도보 #언택트 #유네스코",-5,조천읍,0.05930770663078257
55,함덕백사장 & 서우봉,제주특별자치도 제주시 조천읍 조함해안로 519-10,"#부모 #커플 #혼자
#친구 #아이 #맑음 #여름 #해변 #문화유적지 #오름 #자연경관 #역사유적 #어린이 #봄꽃 #유채꽃",1,조천읍,0.05930770663078257
56,렛츠런팜제주,제주특별자치도 제주시 조천읍 남조로 1660,"#테마공원 #아이 #꽃
#어린이 #해바라기",1,조천읍,0.05930770663078257
57,제주조천스위스마을,제주특별자치도 제주시 조천읍 함와로 566-27,"#포토스팟 #카페 #실내
#여자 #남자 #커플 #휴식 #비/바람/눈 #안개/흐림 #맑음 #여름 #마을산책 #마을관광 #어트랙션",-2,조천읍,0.05930770663078257
58,서우봉,제주특별자치도 제주시 조천읍 함덕리 169-1,"#맑음 #봄 #걷기/등산
#유채꽃 #오름 #코스모스 #자연경관 #봄꽃",-2,조천읍,0.05930770663078257
59,제주레포츠랜드,제주특별자치도 제주시 조천읍 와흘상서2길 47,"#액티비티 #아이 #맑음
#체험 #레저/체험 #어린이 #어트랙션",4,조천읍,0.05930770663078257
60,닭머르해안길,제주특별자치도 제주시 조천읍 신촌북3길 62-1,"#해변 #일몰 #걷기/등산
#맑음 #가을 #도보여행 #도보 #억새",-2,조천읍,0.05930770663078257
61,동백동산,제주특별자치도 제주시 조천읍 선흘리 산 12,"#걷기/등산 #휴식/힐링 #맑음
#겨울 #자연경관 #동백 #언택트",-3,조천읍,0.05930770663078257
62,동굴의 다원 다희연,제주특별자치도 제주시 조천읍 선교로 266,"#동굴 #테마공원 #커플
#흐림 #겨울 #자연경관 #녹차",0,조천읍,0.05930770663078257
63,교래자연휴양림,제주특별자치도 제주시 조천읍 남조로 2023,"#휴양림 #걷기/등산 #휴식/힐링
#부모 #아이 #흐림 #여름 #자연경관 #단풍 #어린이",-1,조천읍,0.05930770663078257
64,북촌돌하르방미술관,제주특별자치도 제주시 조천읍 북촌서1길 70,"#테마공원 #부모 #친구
#커플 #아이 #맑음 #봄 #겨울 #실내관광지 #미술관 #문화관광 #어트랙션",2,조천읍,0.05930770663078257
65,물찻오름,제주특별자치도 제주시 조천읍 교래길,"#오름 #걷기/등산 #흐림
#여름 #자연경관 #도보여행 #도보",-3,조천읍,0.05930770663078257
66,제주센트럴파크,제주특별자치도 제주시 조천읍 비자림로 606,"#테마공원 #아이 #봄
#어린이",1,조천읍,0.05930770663078257
67,조천함덕해안도로,제주특별자치도 제주시 조천읍 조천8길 14-1,#일몰 #드라이브 #맑음,-2,조천읍,0.05930770663078257
68,제주올레 19코스,제주특별자치도 제주시 조천읍 조천리 1142,"#올레 #걷기/등산 #친구
#혼자 #봄 #가을 #도보여행 #도보",-2,조천읍,0.05930770663078257
69,조함해안도로,제주특별자치도 제주시 조천읍 조천리 3037-3,"#친구 #커플 #드라이브
#부모 #혼자 #아이 #맑음 #자연경관 #어린이",-2,조천읍,0.05930770663078257
70,제주세계자연유산센터,제주특별자치도 제주시 조천읍 선교로 569-36(선흘리 478),"#흐림 #가을 #실내관광지
#어트랙션 #유네스코",1,조천읍,0.05930770663078257
71,낙선동 4.3성,제주특별자치도 제주시 조천읍 선흘서5길 13,"#문화유적지 #4.3 #문화관광
#제주4.3 #역사유적 #어트랙션",4,조천읍,0.05930770663078257
72,마원,제주특별자치도 제주시 조천읍 선흘남4길 264-17,"#부모 #커플 #친구
#아이 #맑음 #액티비티 #체험 #레저/체험 #어린이 #어트랙션",4,조천읍,0.05930770663078257
73,민오름(조천읍),제주특별자치도 제주시 조천읍 선흘리 산 141,"#부모 #커플 #혼자
#경관/포토 #휴식/힐링 #액티비티 #오름 #청년 #중/장년 #휴식/치유 #자연경관 #체험 #도보여행 #도보 #레저/체험 #포토스팟",-5,조천읍,0.05930770663078257
74,북촌국민학교,제주특별자치도 제주시 조천읍 일주동로 1481,"#문화유적지 #문화관광 #역사유적
#어트랙션",4,조천읍,0.05930770663078257
75,바늘오름,제주특별자치도 제주시 조천읍 교래리 산 108,"#부모 #커플 #혼자
#친구 #경관/포토 #휴식/힐링 #체험관광 #액티비티 #오름 #사계절 #청년 #중/장년 #휴식/치유 #자연경관 #체험 #도보여행 #도보 #레저/체험 #포토스팟",-4,조천읍,0.05930770663078257
76,북촌포구,제주특별자치도 제주시 조천읍 북촌9길 26-1,"#포구 #해변 #문화유적지
#맑음 #겨울 #자연경관 #문화관광 #역사유적",3,조천읍,0.05930770663078257
77,빠우사,제주특별자치도 제주시 조천읍 선교로 539,"#요가 #카페 #체험
#음식 #디저트 #웰니스",-1,조천읍,0.05930770663078257
78,샤이니숲길,제주특별자치도 제주시 조천읍 교래리 719-10,"#걷기/등산 #경관/포토 #휴식/힐링
#자연경관 #도보여행 #도보 #숲 #포토스팟 #숲길",-7,조천읍,0.05930770663078257
79,서프라이즈테마파크,제주특별자치도 제주시 조천읍 남조로 2243,"#부모 #아이 #테마공원
#경관/포토 #미술/박물관 #전시와행사 #우수관광사업체 #체험 #포토스팟 #어린이 #어트랙션 #안전여행스탬프",1,조천읍,0.05930770663078257
80,선흘1리,제주특별자치도 제주시 조천읍 중산간동로 1280,"#문화유적지 #흐림 #사계절
#역사유적",2,조천읍,0.05930770663078257
81,와흘본향당,제주특별자치도 제주시 조천읍 와흘리 1274-1,"#문화유적지 #문화관광 #역사유적
#어트랙션",4,조천읍,0.05930770663078257
82,이덕구 산전,제주특별자치도 제주시 조천읍 516로 1865,"#4.3 #문화유적지 #문화관광
#제주4.3 #역사유적 #어트랙션",4,조천읍,0.05930770663078257
83,정주항,제주특별자치도 제주시 조천읍 함덕리,#항구 #맑음,0,조천읍,0.05930770663078257
84,제주라프 짚라인,제주특별자치도 제주시 조천읍 선교로 117,"#액티비티 #친구 #맑음
#여름 #가을 #체험 #레저/체험 #어트랙션",4,조천읍,0.05930770663078257
85,제주항일기념관,제주특별자치도 제주시 조천읍 신북로 303,"#실내 #미술/박물관 #흐림
#겨울 #실내관광지 #어트랙션",-1,조천읍,0.05930770663078257
86,지그리오름(큰지그리),제주특별자치도 제주시 조천읍 남조로 2023,"#오름 #걷기/등산 #자연경관
#도보여행 #도보",-3,조천읍,0.05930770663078257
87,평화통일 불사리탑,제주특별자치도 제주시 조천읍 일주동로 884,"#문화유적지 #맑음 #문화관광
#역사유적",3,조천읍,0.05930770663078257
88,갓전시관[갓전수교육관],제주특별자치도 제주시 조천읍 남조로 1904,"#실내 #미술/박물관 #부모
#비.눈 #사계절 #실내관광지 #어트랙션",-1,조천읍,0.05930770663078257
89,귤빛캠핑장,제주특별자치도 제주시 조천읍 함와로 428,"#야영장 #캠핑장 #액티비티
#커플 #맑음 #여름 #체험 #레저/체험 #캠핑 #언택트 #어트랙션",6,조천읍,0.05930770663078257
90,김택화미술관,제주특별자치도 제주시 조천읍 신흥로 1,"#미술관 #제주풍경 #화방
#실내관광지 #문화관광 #어트랙션",1,조천읍,0.05930770663078257
91,다려도,제주특별자치도 제주시 조천읍 북촌리,"#경관/포토 #휴식/힐링 #해변
#자연경관 #포토스팟",-3,조천읍,0.05930770663078257
92,단산과 방사탑,제주특별자치도 제주시 조천읍 신흥로1길 25,"#오름 #문화유적지 #자연경관
#역사유적",0,조천읍,0.05930770663078257
93,로로 요가,제주특별자치도 제주시 조천읍 조함해안로 519-10,"#친구 #혼자 #맑음
#휴식/힐링 #요가 #패들요가 #어트랙션",-1,조천읍,0.05930770663078257
94,목시물굴,제주특별자치도 제주시 조천읍 선흘리 산26번지 일대,"#4.3 #문화유적지 #문화관광
#제주4.3 #역사유적 #어트랙션",4,조천읍,0.05930770663078257
95,카멜리아힐,제주 서귀포시 안덕면 병악로 166,"#경관/포토 #커플 #아이
#맑음 #겨울 #힐링 #자연경관 #포토스팟 #어린이 #어트랙션 #동백 #수국",-4,안덕면,0.0656707243066143
96,오설록티뮤지엄,제주특별자치도 서귀포시 안덕면 신화역사로 15,"#테마공원 #커플 #친구
#부모 #아이 #혼자 #맑음 #휴식/힐링 #녹차 #실내관광지 #어트랙션",0,안덕면,0.0656707243066143
97,용머리해안,제주특별자치도 서귀포시 안덕면 사계리,"#해변 #휴식/힐링 #부모
#커플 #맑음 #봄 #자연경관 #유네스코",-1,안덕면,0.0656707243066143
98,산방산,제주특별자치도 서귀포시 안덕면 사계리 산 16,"#지질트레일 #산 #걷기/등산
#맑음 #가을 #자연경관 #봄꽃 #유채꽃 #유네스코",1,안덕면,0.0656707243066143
99,방주교회,제주특별자치도 서귀포시 안덕면 산록남로762번길 113,"#부모 #커플 #친구
#아이 #맑음 #사계절 #문화관광 #어린이 #어트랙션",2,안덕면,0.0656707243066143
100,소인국테마파크,제주특별자치도 서귀포시 안덕면 중산간서로 1878,"#테마공원 #아이 #봄
#실내관광지 #어린이 #어트랙션",2,안덕면,0.0656707243066143
101,안덕계곡,제주특별자치도 서귀포시 안덕면 일주서로 1524,"#계곡 #액티비티 #커플
#흐림 #봄 #자연경관 #체험 #레저/체험 #어트랙션 #물놀이",5,안덕면,0.0656707243066143
102,헬로키티아일랜드,제주특별자치도 서귀포시 안덕면 한창로 340,"#실내 #테마공원 #아이
#비.눈 #겨울 #우수관광사업체 #실내관광지 #어린이 #어트랙션",1,안덕면,0.0656707243066143
103,"군산(군산오름,코메오름)",제주특별자치도 서귀포시 안덕면 창천리 564,"#일몰 #일출 #오름
#걷기/등산 #친구 #맑음 #가을 #자연경관 #도보여행 #도보",-3,안덕면,0.0656707243066143
104,본태박물관,제주특별자치도 서귀포시 안덕면 산록남로762번길 69,"#예술 #실내 #미술/박물관
#친구 #커플 #흐림 #겨울 #우수관광사업체 #실내관광지 #문화관광 #박물관 #어트랙션",-1,안덕면,0.0656707243066143
105,세계자동차 & 피아노박물관,제주특별자치도 서귀포시 안덕면 중산간서로 1610,"#실내 #미술/박물관 #아이
#비.눈 #사계절 #우수관광사업체 #실내관광지 #문화관광 #박물관 #어트랙션 #안전여행스탬프",1,안덕면,0.0656707243066143
106,이니스프리제주하우스,제주특별자치도 서귀포시 안덕면 신화역사로 23,"#커플 #친구 #아이
#테마공원 #사계절 #실내 #어린이 #어트랙션",1,안덕면,0.0656707243066143
107,대평포구,제주특별자치도 서귀포시 안덕면 감천로190번길 9-62-2,"#포구 #해변 #문화유적지
#가을 #문화관광 #역사유적",4,안덕면,0.0656707243066143
108,산방산 용머리해안 지질트레일,제주특별자치도 서귀포시 안덕면 사계북로41번길 192,"#지질트레일 #걷기/등산 #친구
#커플 #맑음 #봄 #자연경관 #체험 #언택트 #유네스코 #어트랙션 #봄꽃 #유채꽃",2,안덕면,0.0656707243066143
109,제주항공우주박물관,제주특별자치도 서귀포시 안덕면 녹차분재로 218 항곡우주박물관,"#실내 #미술/박물관 #아이
#비.눈 #겨울 #우수관광사업체 #실내관광지 #문화관광 #박물관 #어트랙션",0,안덕면,0.0656707243066143
110,박수기정,제주특별자치도 서귀포시 안덕면 난드르로 90-25,"#절벽 #경관/포토 #해변
#자연경관 #포토스팟",-2,안덕면,0.0656707243066143
111,형제섬,제주특별자치도 서귀포시 안덕면 사계리 산 44,"#커플 #친구 #혼자
#경관/포토 #일몰 #일출 #자연경관 #섬속의섬 #포토스팟",-3,안덕면,0.0656707243066143
112,산방굴사,제주특별자치도 서귀포시 안덕면 사계리 산 16,"#문화유적지 #부모 #맑음
#문화관광 #역사유적",3,안덕면,0.0656707243066143
113,귤밭76번지,제주특별자치도 서귀포시 안덕면 병악로 76,"#체험관광 #아이 #맑음
#겨울 #체험 #어린이 #어트랙션",3,안덕면,0.0656707243066143
114,사계해안도로,제주특별자치도 서귀포시 안덕면 사계리,"#일출 #해변 #드라이브
#커플 #맑음 #가을 #자연경관 #제주명품42 #포토스팟 #제주7대도로",0,안덕면,0.0656707243066143
115,점보빌리지,제주특별자치도 서귀포시 안덕면 평화로 319번길 31-11,"#실내 #테마공원 #아이
#사계절 #어린이 #어트랙션",1,안덕면,0.0656707243066143
116,사계해변,제주특별자치도 서귀포시 안덕면 사계리 2147-35,"#일출 #해변 #휴식/힐링
#커플 #맑음 #봄 #자연경관",0,안덕면,0.0656707243066143
117,건강과성박물관,제주특별자치도 서귀포시 안덕면 일주서로 1611,"#실내 #미술/박물관 #커플
#비.눈 #사계절 #실내관광지 #문화관광 #박물관 #어트랙션",0,안덕면,0.0656707243066143
118,산방산탄산온천,제주특별자치도 서귀포시 안덕면 사계북로 41번길 192,"#실내 #휴식/힐링 #부모
#아이 #흐림 #겨울 #자연경관 #실내관광지 #어린이 #어트랙션",-2,안덕면,0.0656707243066143
119,화순금모래해수욕장,제주특별자치도 서귀포시 안덕면 화순해안로 91,"#해수욕장 #액티비티 #커플
#아이 #맑음 #여름 #자연경관 #체험 #레저/체험 #해변 #물놀이 #어린이 #수상레저",6,안덕면,0.0656707243066143
120,제주올레 9코스,제주특별자치도 서귀포시 안덕면 감산리 982-2,"#올레 #걷기/등산 #친구
#혼자 #맑음 #봄 #가을 #자연경관 #도보여행 #도보",-3,안덕면,0.0656707243066143
121,백조일손지묘(백조일손지지),제주특별자치도 서귀포시 안덕면 사계리,"#문화유적지 #자연경관 #문화관광
#역사유적",2,안덕면,0.0656707243066143
122,화순곶자왈생태탐방숲길,제주특별자치도 서귀포시 안덕면 화순서동로 151,"#숲길 #걷기/등산 #친구
#커플 #흐림 #여름 #자연경관 #도보여행 #도보 #곶자왈 #숲",-4,안덕면,0.0656707243066143
123,화순리 유채꽃길,제주특별자치도 서귀포시 안덕면 화순리 1230-4,"#걷기/등산 #경관/포토 #친구
#맑음 #봄 #자연경관 #도보여행 #도보 #포토스팟 #봄꽃 #유채꽃",-4,안덕면,0.0656707243066143
124,제주아트서커스,제주특별자치도 서귀포시 안덕면 동광로 214,"#실내 #테마공원 #부모
#아이 #흐림 #실내관광지 #어린이 #어트랙션",1,안덕면,0.0656707243066143
125,단산(바굼지오름),제주특별자치도 서귀포시 안덕면 향교로 165-23,"#부모 #커플 #혼자
#친구 #경관/포토 #오름 #도보여행 #도보 #포토스팟",-5,안덕면,0.0656707243066143
126,북오름,제주특별자치도 서귀포시 안덕면 동광리 산 94,"#부모 #커플 #혼자
#친구 #아이 #오름 #자연경관 #도보여행 #도보 #어린이",-4,안덕면,0.0656707243066143
127,큰넓궤,제주특별자치도 서귀포시 안덕면 동광리 90 일대,"#4.3 #문화유적지 #자연경관
#문화관광 #제주4.3 #역사유적 #어트랙션",3,안덕면,0.0656707243066143
128,그린크루즈(산방산유람선),제주특별자치도 서귀포시 안덕면 화순해안로106번길 16,"#경관/포토 #부모 #맑음
#봄 #포토스팟",-2,안덕면,0.0656707243066143
129,마복이오름,제주특별자치도 서귀포시 안덕면 산록남로 863,"#오름 #걷기/등산 #자연경관
#도보여행 #도보",-3,안덕면,0.0656707243066143
130,서광승마장,제주특별자치도 서귀포시 안덕면 녹차분재로 239,"#승마 #액티비티 #친구
#커플 #체험 #레저/체험 #어트랙션",5,안덕면,0.0656707243066143
131,제주올레 14-1코스,제주특별자치도 서귀포시 안덕면 서광리 산 50-22,"#올레 #걷기 #친구
#혼자 #봄 #자연경관 #도보여행 #도보",-5,안덕면,0.0656707243066143
132,추사 유배길 - 3코스 사색의 길,제주특별자치도 서귀포시 안덕면 향교로 165-17,"#걷기/등산 #봄 #가을
#문화관광 #도보여행 #도보 #어트랙션",1,안덕면,0.0656707243066143
133,클럽나인브릿지,제주특별자치도 서귀포시 안덕면 광평로 34-156,"#골프 #액티비티 #체험
#레저/체험 #어트랙션",5,안덕면,0.0656707243066143
134,하멜기념비,제주특별자치도 서귀포시 안덕면 사계리 112-3,"#문화유적지 #가을 #문화관광
#역사유적",3,안덕면,0.0656707243066143
135,화순금모래해수욕장담수수영장,제주특별자치도 서귀포시 안덕면 화순리 776-8,"#해수욕장 #액티비티 #친구
#커플 #아이 #맑음 #여름 #체험 #레저/체험 #해변 #물놀이 #어린이 #어트랙션",7,안덕면,0.0656707243066143
136,"그대, 나의 뮤즈 : 클림트 to 마티스",제주특별자치도 서귀포시 안덕면 신화역사로304번길 38 제주신화월드 서머셋클럽하우스,"#부모 #커플 #미술/박물관
#사계절 #전시와행사 #문화관광 #어트랙션",1,안덕면,0.0656707243066143
137,대정향교,제주특별자치도 서귀포시 안덕면 향교로 165-17,"#문화유적지 #흐림 #겨울
#자연경관 #문화관광 #역사유적",2,안덕면,0.0656707243066143
138,무등이왓터,제주특별자치도 서귀포시 안덕면 신화역사로586번길 21-7,"#문화유적지 #맑음 #역사유적
#어트랙션",3,안덕면,0.0656707243066143
139,바이나흐튼 크리스마스 박물관,제주특별자치도 서귀포시 안덕면 평화로 654,"#실내 #미술/박물관 #아이
#흐림 #겨울 #실내관광지 #문화관광 #박물관 #어린이 #어트랙션",0,안덕면,0.0656707243066143
140,볼레낭길,제주특별자치도 서귀포시 안덕면 감산리 1049,"#걷기/등산 #자연경관 #도보여행
#도보",-2,안덕면,0.0656707243066143
141,산방산 수국,제주특별자치도 서귀포시 안덕면 산방로,"#산 #걷기/등산 #경관/포토
#친구 #커플 #맑음 #여름 #자연경관 #포토스팟 #어트랙션 #수국",-1,안덕면,0.0656707243066143
142,왕이메오름,제주특별자치도 서귀포시 안덕면 광평리 산 79,"#오름 #휴식/치유 #액티비티
#휴식/힐링 #경관/포토 #혼자 #친구 #맑음 #흐림 #자연경관 #체험 #도보여행 #도보 #레저/체험 #포토스팟 #어트랙션",-4,안덕면,0.0656707243066143
143,포도갤러리 in 포도호텔,제주특별자치도 서귀포시 안덕면 산록남로 863 포도호텔 지하1층,"#예술 #실내 #미술/박물관
#비.눈 #겨울 #실내관광지 #문화관광 #호텔 #어트랙션",-1,안덕면,0.0656707243066143
144,피규어뮤지엄 제주,제주특별자치도 서귀포시 안덕면 한창로 243,"#실내 #테마공원 #아이
#비.눈 #흐림 #겨울 #실내관광지 #어린이 #어트랙션",1,안덕면,0.0656707243066143
145,핀크스 골프클럽,제주특별자치도 서귀포시 안덕면 산록남로 863,"#골프 #액티비티 #체험
#레저/체험 #어트랙션",5,안덕면,0.0656707243066143
146,거린오름(북오름),제주특별자치도 서귀포시 안덕면 동광리 산 94,"#오름 #걷기/등산 #자연경관
#도보여행 #도보",-3,안덕면,0.0656707243066143
147,곤물,제주특별자치도 서귀포시 안덕면 화순서서로64번길 64-4,"#계곡 #문화유적지 #자연경관
#문화관광 #역사유적 #물놀이",4,안덕면,0.0656707243066143
148,골프탕탕,제주특별자치도 서귀포시 안덕면 산록남로 762번길 71,"#골프 #액티비티 #친구
#커플 #체험 #레저/체험 #어트랙션",5,안덕면,0.0656707243066143
149,당오름(안덕면),제주특별자치도 서귀포시 안덕면 동광리 산 68-1,"#오름 #걷기/등산 #자연경관
#도보여행 #도보",-3,안덕면,0.0656707243066143
150,돔박이오름(동박악),제주특별자치도 서귀포시 안덕면 광평리 산 89,"#커플 #친구 #맑음
#가을 #오름 #자연경관 #도보여행 #도보",-4,안덕면,0.0656707243066143
151,무민랜드,제주특별자치도 서귀포시 안덕면 병악로 420,"#관광지 #안전여행스탬프 #테마공원
#어린이 #문화관광 #실내관광지 #박물관 #미술관 #어트랙션",3,안덕면,0.0656707243066143
152,협재해수욕장,제주특별자치도 제주시 한림읍 한림로 329-10,"#일몰 #해수욕장 #액티비티
#아이 #맑음 #여름 #자연경관 #체험 #레저/체험 #해변 #물놀이 #어린이 #수상레저",5,한림읍,0.05741450517116241
153,금능해수욕장,제주특별자치도 제주시 한림읍 금능길 119-10,"#일몰 #해수욕장 #액티비티
#아이 #맑음 #여름 #자연경관 #체험 #레저/체험 #해변 #물놀이 #어린이 #수상레저",5,한림읍,0.05741450517116241
154,한림공원,제주특별자치도 제주시 한림읍 한림로 300,"#휴식/힐링 #테마공원 #아이
#맑음 #봄 #우수관광사업체 #동굴 #어린이 #매화 #수국 #안전여행스탬프",2,한림읍,0.05741450517116241
155,비양도,제주특별자치도 제주시 한림읍 협재리,"#섬속의섬 #일몰 #휴식/힐링
#아이 #맑음 #여름 #자연경관 #어린이 #언택트 #유네스코",-4,한림읍,0.05741450517116241
156,성이시돌목장,제주특별자치도 제주시 한림읍 산록남로 53,"#목장 #경관/포토 #커플
#우유 #자연경관 #포토스팟",-3,한림읍,0.05741450517116241
157,월령선인장군락지,제주특별자치도 제주시 한림읍 월령3길 27-4,"#경관/포토 #커플 #맑음
#여름 #포토스팟",-2,한림읍,0.05741450517116241
158,정물오름,제주특별자치도 제주시 한림읍 금악리 산 52-1,"#친구 #커플 #맑음
#일몰 #오름 #자연경관 #도보여행 #도보 #언택트 #억새",-7,한림읍,0.05741450517116241
159,더마파크,제주특별자치도 제주시 한림읍 월림7길 155,"#승마 #실내 #액티비티
#아이 #맑음 #사계절 #체험 #레저/체험 #어린이 #테마공원 #어트랙션",5,한림읍,0.05741450517116241
160,한림해안도로,제주특별자치도 제주시 한림읍 귀덕리,"#커플 #친구 #드라이브
#올레 #자전거 #자연경관",-4,한림읍,0.05741450517116241
161,금악오름(왕매),제주특별자치도 제주시 한림읍 금악리 산 1-1,"#일몰 #오름 #걷기/등산
#커플 #흐림 #가을 #금오름 #자연경관 #도보여행 #도보",-4,한림읍,0.05741450517116241
162,제주올레 14코스,제주특별자치도 제주시 한림읍 월령리 산 9-15,"#올레 #걷기/등산 #친구
#혼자 #봄 #자연경관 #도보여행 #도보",-3,한림읍,0.05741450517116241
163,금능석물원,제주특별자치도 제주시 한림읍 한림로 176,"#테마공원 #실내관광지 #어트랙션
#안전여행스탬프",3,한림읍,0.05741450517116241
164,한림항,제주특별자치도 제주시 한림읍 한림해안로 192,#맑음,0,한림읍,0.05741450517116241
165,그리스신화박물관 / 트릭아이미술관,제주특별자치도 제주시 한림읍 광산로 942,"#실내 #테마공원 #아이
#비.눈 #겨울 #실내관광지 #미술관 #문화관광 #박물관 #어트랙션",1,한림읍,0.05741450517116241
166,진아영 할머니 집터,제주특별자치도 제주시 한림읍 월령1길 22,"#문화유적지 #4.3 #문화관광
#제주4.3 #역사유적 #어트랙션",4,한림읍,0.05741450517116241
167,탐나라공화국(제주남이섬),제주특별자치도 제주시 한림읍 한창로 897,"#여자 #남자 #휴식
#맑음 #가을 #문화관광 #언택트 #어트랙션",0,한림읍,0.05741450517116241
168,협재굴(한림공원),제주특별자치도 제주시 한림읍 한림로 300,"#동굴 #경관/포토 #부모
#흐림 #자연경관 #포토스팟",-2,한림읍,0.05741450517116241
169,라온승마클럽,제주특별자치도 제주시 한림읍 월림7길 155,"#승마 #액티비티 #커플
#체험 #레저/체험 #어트랙션",5,한림읍,0.05741450517116241
170,명월성지,제주특별자치도 제주시 한림읍 명월리 2236,"#문화유적지 #문화관광 #역사유적
#언택트 #어트랙션",3,한림읍,0.05741450517116241
171,액티브파크,제주특별자치도 제주시 한림읍 금능남로 76,"#체험관광 #사계절 #아이
#실내관광지 #체험 #어린이 #테마공원 #어트랙션",4,한림읍,0.05741450517116241
172,제주돌마을공원,제주특별자치도 제주시 한림읍 금능남로 421,"#부모 #커플 #혼자
#테마공원 #실내관광지 #마을산책 #마을관광 #어트랙션",2,한림읍,0.05741450517116241
173,협재포구,제주특별자치도 제주시 한림읍 협재리,"#친구 #커플 #맑음
#해변 #포구 #자연경관",0,한림읍,0.05741450517116241
174,비양도등대,제주특별자치도 제주시 한림읍 비양도길 84비양도,"#등대 #경관/포토 #맑음
#봄 #포토스팟",-2,한림읍,0.05741450517116241
175,귀덕연대,제주특별자치도 제주시 한림읍 귀덕14길 14-5,"#문화유적지 #봄 #문화관광
#역사유적",3,한림읍,0.05741450517116241
176,금능포구,제주특별자치도 제주시 한림읍 금능리,"#포구 #해변 #문화유적지
#아이 #자연경관 #역사유적 #어린이",2,한림읍,0.05741450517116241
177,쌍용굴(한림공원),제주특별자치도 제주시 한림읍 한림로 300,"#동굴 #경관/포토 #부모
#흐림 #여름 #자연경관 #포토스팟",-2,한림읍,0.05741450517116241
178,썬플라워의원,제주특별자치도 제주시 한림읍 금능남로 127,#의료관광,0,한림읍,0.05741450517116241
179,월령포구,제주특별자치도 제주시 한림읍 월평리,"#커플 #친구 #일몰
#올레 #문화유적지 #포구 #자연경관 #역사유적",-1,한림읍,0.05741450517116241
180,제주올레 15-B코스,제주특별자치도 제주시 한림읍 한림해안로 192,"#커플 #친구 #혼자
#맑음 #올레 #봄 #가을 #도보여행 #도보",-3,한림읍,0.05741450517116241
181,제주카트클럽,제주특별자치도 제주시 한림읍 중산간서로 3853,"#커플 #친구 #아이
#맑음 #액티비티 #체험 #레저/체험 #어린이 #어트랙션",4,한림읍,0.05741450517116241
182,기독교순례길 2코스(순교의길),제주특별자치도 제주시 한림읍 협재8길 8,"#걷기/등산 #봄 #가을
#문화관광 #도보여행 #도보 #어트랙션",1,한림읍,0.05741450517116241
183,김한미술관 & 카페3206,제주특별자치도 제주시 한림읍 한상로 115,"#휴식/힐링 #미술/박물관 #실내관광지
#문화관광 #미술관 #어트랙션",-1,한림읍,0.05741450517116241
184,누운오름(한림읍),제주특별자치도 제주시 한림읍 금악리 188-2,"#오름 #걷기/등산 #친구
#자연경관 #도보여행 #도보",-3,한림읍,0.05741450517116241
185,느지리오름(망오름),제주특별자치도 제주시 한림읍 상명리 산 5,"#맑음 #걷기/등산 #오름
#자연경관 #도보여행 #도보",-3,한림읍,0.05741450517116241
186,대림리선돌,제주특별자치도 제주시 한림읍 대림리,"#문화유적지 #문화관광 #역사유적
#어트랙션",4,한림읍,0.05741450517116241
187,대수포구,제주특별자치도 제주시 한림읍 수원리 1027-7,"#포구 #해변 #문화유적지
#자연경관 #역사유적",2,한림읍,0.05741450517116241
188,더마카트,제주특별자치도 제주시 한림읍 월림7길 155,"#부모 #아이 #커플
#체험관광 #액티비티 #체험 #레저/체험 #어린이 #어트랙션",5,한림읍,0.05741450517116241
189,더힐하우스스파,제주특별자치도 제주시 한림읍 한창로 925-122,#힐링 #스파 #어트랙션,0,한림읍,0.05741450517116241
190,라신동,제주특별자치도 제주시 한림읍 귀덕리,"#문화유적지 #문화관광 #역사유적
#어트랙션",4,한림읍,0.05741450517116241
191,라온주 실내체험동물원,제주특별자치도 제주시 한림읍 월림7길 155,"#아이 #테마공원 #실내관광지
#체험 #어린이 #어트랙션 #어린이동물농장",3,한림읍,0.05741450517116241
192,만벵듸 공동장지,제주특별자치도 제주시 한림읍 갯거리오름길 114,"#문화유적지 #자연경관 #문화관광
#역사유적 #어트랙션",3,한림읍,0.05741450517116241
193,명월팽나무군락,제주특별자치도 제주시 한림읍 명월로 71,"#문화유적지 #경관/포토 #여름
#자연경관 #역사유적 #포토스팟",-1,한림읍,0.05741450517116241
194,월정리해변,제주특별자치도 제주시 구좌읍 월정리 33-3,"#해변 #경관/포토 #커플
#여름 #자연경관 #포토스팟",-2,구좌읍,0.03537782313747475
195,용눈이오름,제주특별자치도 제주시 구좌읍 종달논길,"#일출 #밤 #오름
#걷기/등산 #친구 #가을 #자연경관 #도보여행 #도보",-2,구좌읍,0.03537782313747475
196,비자림,제주특별자치도 제주시 구좌읍 비자숲길 55,"#걷기/등산 #아이 #흐림
#여름 #힐링 #자연경관 #어린이 #수국",-1,구좌읍,0.03537782313747475
197,세화해변,제주특별자치도 제주시 구좌읍 해녀박물관길 27,"#해변 #휴식/힐링 #커플
#맑음 #여름 #자연경관",-1,구좌읍,0.03537782313747475
198,김녕해수욕장,제주특별자치도 제주시 구좌읍 구좌해안로 237,"#해수욕장 #액티비티 #아이
#맑음 #여름 #자연경관 #체험 #레저/체험 #해변 #물놀이 #어린이 #수상레저",6,구좌읍,0.03537782313747475
199,다랑쉬오름(월랑봉),제주특별자치도 제주시 구좌읍 세화리 2705,"#일출 #밤 #오름
#걷기/등산 #친구 #가을 #힐링 #자연경관 #도보여행 #도보 #억새",-4,구좌읍,0.03537782313747475
200,제주김녕미로공원,제주특별자치도 제주시 구좌읍 만장굴길 122,"#테마공원 #아이 #맑음
#봄 #우수관광사업체 #자연경관 #어린이",0,구좌읍,0.03537782313747475
201,만장굴,제주특별자치도 제주시 구좌읍 만장굴길 182,"#동굴 #경관/포토 #아이
#흐림 #여름 #자연경관 #포토스팟 #어린이 #유네스코",-2,구좌읍,0.03537782313747475
202,메이즈랜드,제주특별자치도 제주시 구좌읍 비자림로 2134-47,"#부모 #아이 #테마공원
#미술/박물관 #경관/포토 #전시와행사 #우수관광사업체 #실내관광지 #포토스팟 #어린이 #어트랙션",-1,구좌읍,0.03537782313747475
203,아끈다랑쉬,제주특별자치도 제주시 구좌읍 세화리 2593,"#오름 #걷기/등산 #가을
#자연경관 #단풍 #억새",-2,구좌읍,0.03537782313747475
204,아부오름,제주특별자치도 제주시 구좌읍 송당리 산 164-1,"#커플 #친구 #맑음
#오름 #가을 #봄 #자연경관 #도보여행 #도보",-4,구좌읍,0.03537782313747475
205,하도해변,제주특별자치도 제주시 구좌읍 해맞이해안로,"#해수욕장 #액티비티 #커플
#맑음 #여름 #자연경관 #체험 #레저/체험 #해변 #물놀이 #수상레저",6,구좌읍,0.03537782313747475
206,제주레일바이크,제주특별자치도 제주시 구좌읍 용눈이오름로 641,"#친구 #경관/포토 #체험관광
#액티비티 #가을 #체험 #레저/체험 #포토스팟 #어트랙션",3,구좌읍,0.03537782313747475
207,김녕 지질트레일,제주특별자치도 제주시 구좌읍 김녕로 209,"#지질트레일 #걷기/등산 #친구
#커플 #맑음 #가을 #겨울 #자연경관 #체험 #언택트 #유네스코 #어트랙션",2,구좌읍,0.03537782313747475
208,평대리해변,제주특별자치도 제주시 구좌읍 평대리 515-24,"#해변 #경관/포토 #맑음
#여름 #자연경관 #포토스팟",-2,구좌읍,0.03537782313747475
209,지미봉,제주특별자치도 제주시 구좌읍 종달로1길 91-16,"#커플 #친구 #맑음
#오름 #자연경관",-2,구좌읍,0.03537782313747475
210,해녀박물관,제주특별자치도 제주시 구좌읍 해녀박물관길 26,"#실내 #문화유적지 #미술/박물관
#아이 #비.눈 #겨울 #실내관광지 #문화관광 #박물관 #역사유적 #어린이 #어트랙션",2,구좌읍,0.03537782313747475
211,월정리 카약체험장,제주특별자치도 제주시 구좌읍 일주동로 2361-2,"#액티비티 #커플 #여름
#체험 #레저/체험 #수상레저 #어트랙션",5,구좌읍,0.03537782313747475
212,종달리수국길,제주특별자치도 제주시 구좌읍 해맞이해안로 2121,"#수국 #꽃 #걷기/등산
#경관/포토 #커플 #맑음 #여름 #자연경관 #도보여행 #도보 #포토스팟",-4,구좌읍,0.03537782313747475
213,종달리해안도로,제주특별자치도 제주시 구좌읍 종달리 630-1,"#일출 #드라이브 #커플
#맑음 #여름",0,구좌읍,0.03537782313747475
214,세화해안도로,제주특별자치도 제주시 구좌읍 구좌로,"#해변 #드라이브 #커플
#맑음 #여름",0,구좌읍,0.03537782313747475
215,김녕금속공예벽화마을,제주특별자치도 제주시 구좌읍 김녕항3길 18-16,"#예술 #경관/포토 #문화유적지
#커플 #흐림 #가을 #문화관광 #역사유적 #마을산책 #마을관광 #포토스팟",0,구좌읍,0.03537782313747475
216,별방진,제주특별자치도 제주시 구좌읍 하도리 3354,"#문화유적지 #맑음 #자연경관
#문화관광 #역사유적 #봄꽃 #유채꽃",2,구좌읍,0.03537782313747475
217,안돌오름,제주특별자치도 제주시 구좌읍 송당리 산 66-2,"#부모 #커플 #혼자
#친구 #아이 #맑음 #오름 #자연경관 #도보여행 #도보 #어린이",-4,구좌읍,0.03537782313747475
218,종달리해변,제주특별자치도 제주시 구좌읍 종달리 565-72,"#해변 #경관/포토 #친구
#커플 #맑음 #여름 #자연경관 #포토스팟",-2,구좌읍,0.03537782313747475
219,해맞이해안로,제주특별자치도 제주시 구좌읍 김녕리,"#일출 #해변 #드라이브
#커플 #맑음 #자연경관",0,구좌읍,0.03537782313747475
220,김녕해안도로,제주특별자치도 제주시 구좌읍 김녕리,"#드라이브 #커플 #맑음
#여름 #자연경관",-2,구좌읍,0.03537782313747475
221,민오름(구좌읍),제주특별자치도 제주시 구좌읍 비자림로 1456,"#부모 #커플 #혼자
#친구 #아이 #오름 #자연경관 #도보여행 #도보 #어린이",-4,구좌읍,0.03537782313747475
222,제주올레 20코스,제주특별자치도 제주시 구좌읍 행원동길 22,"#올레 #걷기/등산 #친구
#혼자 #봄 #가을 #자연경관 #도보여행 #도보",-3,구좌읍,0.03537782313747475
223,구좌해안로,제주특별자치도 제주시 구좌읍 구좌해안로,"#해변 #걷기/등산 #드라이브
#맑음",1,구좌읍,0.03537782313747475
224,김녕요트투어,제주특별자치도 제주시 구좌읍 구좌해안로 229-16,"#액티비티 #커플 #여름
#체험 #레저/체험 #수상레저 #어트랙션",5,구좌읍,0.03537782313747475
225,송당본향당,제주특별자치도 제주시 구좌읍 송당리,"#부모 #커플 #혼자
#친구 #아이 #문화유적지 #자연경관 #문화관광 #역사유적 #어린이",2,구좌읍,0.03537782313747475
226,종달리전망대,제주특별자치도 제주시 구좌읍 해맞이해안로 2196,"#일출 #해변 #경관/포토
#맑음 #자연경관 #포토스팟",-1,구좌읍,0.03537782313747475
227,하도리 철새도래지,제주특별자치도 제주시 구좌읍 하도리 53-2,"#해변 #경관/포토 #맑음
#자연경관 #포토스팟",-2,구좌읍,0.03537782313747475
228,거슨새미오름,제주특별자치도 제주시 구좌읍 송당리 산 145,"#혼자 #커플 #친구
#오름 #가을 #맑음 #자연경관 #도보여행 #도보",-4,구좌읍,0.03537782313747475
229,높은오름,제주특별자치도 제주시 구좌읍 송당리 산 213-1,"#부모 #커플 #혼자
#친구 #아이 #맑음 #오름 #자연경관 #도보여행 #도보 #어린이",-4,구좌읍,0.03537782313747475
230,다랑쉬굴,제주특별자치도 제주시 구좌읍 세화리 2608-6,"#4.3 #문화유적지 #문화관광
#제주4.3 #역사유적 #어트랙션",4,구좌읍,0.03537782313747475
231,동거문이오름,제주특별자치도 제주시 구좌읍 종달리 산 70,"#오름 #걷기/등산 #자연경관
#도보여행 #도보",-3,구좌읍,0.03537782313747475
232,송당승마장,제주특별자치도 제주시 구좌읍 번영로 2015,"#승마 #액티비티 #커플
#친구 #체험 #레저/체험 #어트랙션",5,구좌읍,0.03537782313747475
233,월정리해안도로,제주특별자치도 제주시 구좌읍 월정리 652-4,"#해변 #드라이브 #커플
#맑음 #여름 #자연경관 #제주명품42 #포토스팟 #제주7대도로",-1,구좌읍,0.03537782313747475
234,당오름,제주특별자치도 제주시 구좌읍 송당리 산 199-1,"#커플 #친구 #혼자
#맑음 #오름 #자연경관 #도보여행 #도보",-4,구좌읍,0.03537782313747475
235,둔지봉,제주특별자치도 제주시 구좌읍 한동리 산 40,#오름 #걷기/등산 #자연경관,-1,구좌읍,0.03537782313747475
236,알진오름(안친오름),제주특별자치도 제주시 구좌읍 송당리 880-1,"#커플 #친구 #맑음
#부모 #혼자 #아이 #오름 #자연경관 #도보여행 #도보 #어린이",-4,구좌읍,0.03537782313747475
237,제주 메이 더 호텔 카라반빌리지,제주특별자치도 제주시 구좌읍 일주동로 1626,"#호텔 #숙소 #가족호텔
#수영장 #매점 #조식 #주방기구 #바비큐 #연회장",2,구좌읍,0.03537782313747475
238,제주올레 21코스,제주특별자치도 제주시 구좌읍 하도리 3204-1,"#올레 #걷기/등산 #친구
#혼자 #봄 #가을 #자연경관 #도보여행 #도보",-3,구좌읍,0.03537782313747475
239,토끼섬,제주특별자치도 제주시 구좌읍 하도리,"#도보 #휴식 #부모
#친구 #커플 #혼자 #안개/흐림 #맑음 #봄 #여름 #가을 #겨울 #중/장년 #청년 #노년 #자연경관 #섬속의섬",-3,구좌읍,0.03537782313747475
240,구좌 하도어촌계,제주특별자치도 제주시 구좌읍 해맞이해안로 1897-27,"#경관/포토 #체험관광 #액티비티
#바릇잡이 #낚시 #체험 #레저/체험 #포토스팟 #어트랙션",5,구좌읍,0.03537782313747475
241,귀빈사,제주특별자치도 제주시 구좌읍 비자림로 1456,"#실내 #문화유적지 #흐림
#봄 #문화관광 #역사유적 #어트랙션",3,구좌읍,0.03537782313747475
242,김녕해수욕장야영장,제주특별자치도 제주시 구좌읍 해맞이해안로 7-6,"#해수욕장 #해변 #액티비티
#아이 #여름 #야영장 #캠핑장 #자연경관 #체험 #레저/체험 #물놀이 #어린이 #수상레저 #캠핑 #언택트 #어트랙션",9,구좌읍,0.03537782313747475
243,돛오름,제주특별자치도 제주시 구좌읍 송당리 산 3,"#오름 #걷기/등산 #자연경관
#도보여행 #도보",-3,구좌읍,0.03537782313747475
244,뒤굽은이오름,제주특별자치도 제주시 구좌읍 중산간동로 1989-3,"#커플 #친구 #맑음
#오름 #자연경관 #도보여행 #도보",-4,구좌읍,0.03537782313747475
245,맬튼개 갯담,제주특별자치도 제주시 구좌읍 구좌로 142,"#커플 #아이 #부모
#친구 #휴식/힐링 #해변 #어린이",0,구좌읍,0.03537782313747475
246,묘산봉(괴살메),제주특별자치도 제주시 구좌읍 김녕리 2723,"#친구 #혼자 #커플
#맑음 #오름 #자연경관",-2,구좌읍,0.03537782313747475
247,문석이오름,제주특별자치도 제주시 구좌읍 송당리,"#부모 #커플 #혼자
#친구 #아이 #맑음 #오름 #자연경관 #도보여행 #도보",-4,구좌읍,0.03537782313747475
248,밧돌오름,제주특별자치도 제주시 구좌읍 송당리 산 66-1,"#부모 #커플 #혼자
#친구 #아이 #맑음 #오름 #자연경관 #도보여행 #도보 #어린이",-4,구좌읍,0.03537782313747475
249,비치미오름,제주특별자치도 제주시 구좌읍 송당리 산 255-1,"#부모 #커플 #혼자
#친구 #아이 #맑음 #경관/포토 #오름 #자연경관 #도보여행 #도보 #포토스팟 #어린이",-6,구좌읍,0.03537782313747475
250,성불오름,제주 제주시 구좌읍 중산간동로 2532,"#부모 #커플 #혼자
#친구 #아이 #오름 #자연경관 #도보여행 #도보 #어린이",-4,구좌읍,0.03537782313747475
251,제주민속식품,제주특별자치도 제주시 구좌읍 번영로 2178,"#특산품 #체험관광 #6차산업
#쇼핑 #관광기념품 #상점/상가",0,구좌읍,0.03537782313747475
252,제주바다체험장,제주특별자치도 제주시 구좌읍 동복리 608-3,"#아이 #사계절 #체험관광
#어린이 #수상레저 #어트랙션",3,구좌읍,0.03537782313747475
253,타보카 월정리투명카약,제주특별자치도 제주시 구좌읍 월정리 1400-4,"#액티비티 #커플 #맑음
#체험 #레저/체험 #수상레저 #어트랙션",5,구좌읍,0.03537782313747475
254,해녀의 태왁,제주특별자치도 제주시 구좌읍 김송로 94,"#체험관광 #아이 #사계절
#어린이 #어트랙션",2,구좌읍,0.03537782313747475
255,행원육상양식단지,제주특별자치도 제주시 구좌읍 해맞이해안로 680-13,#휴식/힐링 #산책 #해변,0,구좌읍,0.03537782313747475
256,감수굴 밭담길,제주특별자치도 제주시 구좌읍 평대7길 34,"#걷기/등산 #맑음 #자연경관
#도보여행 #도보",-2,구좌읍,0.03537782313747475
257,굴동포구,제주특별자치도 제주시 구좌읍 해맞이해안로,"#포구 #해변 #문화유적지
#자연경관 #역사유적",2,구좌읍,0.03537782313747475
258,금룡사,제주특별자치도 제주시 구좌읍 김녕로 148-11,"#실내 #휴식/힐링 #사계절
#문화관광 #어트랙션",0,구좌읍,0.03537782313747475
259,금룡사 템플스테이,제주특별자치도 제주시 구좌읍 김녕로 148-11,"#템플스테이 #실내 #휴식/힐링
#커플 #흐림 #사계절 #문화관광 #체험 #어트랙션",1,구좌읍,0.03537782313747475
260,금붕사,제주특별자치도 제주시 구좌읍 일주동로 3618-1,"#문화유적지 #사찰 #휴식
#절 #실내관광지 #체험 #역사유적 #어트랙션",1,구좌읍,0.03537782313747475
261,김녕 청굴물,제주특별자치도 제주시 구좌읍 김녕리 1296,"#여름 #액티비티 #자연경관
#체험 #레저/체험 #수상레저 #어트랙션",4,구좌읍,0.03537782313747475
262,김녕사굴,제주특별자치도 제주시 구좌읍 덕천리 201-4,"#동굴 #문화유적지 #자연경관
#문화관광 #역사유적",3,구좌읍,0.03537782313747475
263,김녕항,제주특별자치도 제주시 구좌읍 김녕항1길 50-13,"#지질공원 #해변 #혼자
#맑음 #자연경관",0,구좌읍,0.03537782313747475
264,다랑쉬마을,제주특별자치도 제주시 구좌읍 다랑쉬로 406-25,"#4.3 #문화유적지 #문화관광
#제주4.3 #역사유적 #마을산책 #마을관광 #어트랙션",4,구좌읍,0.03537782313747475
265,덕천리 팔자 좋아 길,제주특별자치도 제주시 구좌읍 중산간동로,"#걷기/도보 #체험 #도보여행
#도보 #어트랙션",0,구좌읍,0.03537782313747475
266,도리미오름,제주특별자치도 제주시 구좌읍 송당리 산 255-1,"#부모 #커플 #혼자
#친구 #아이 #맑음 #오름 #자연경관 #도보여행 #도보 #어린이",-4,구좌읍,0.03537782313747475
267,동복환해장성,제주특별자치도 제주시 구좌읍 동복리,"#문화유적지 #흐림 #문화관광
#역사유적",3,구좌읍,0.03537782313747475
268,새별오름,제주특별자치도 제주시 애월읍 봉성리 산 59-8,"#일몰 #밤 #오름
#걷기/등산 #아이 #봄 #자연경관 #도보여행 #도보 #어린이 #억새",-5,애월읍,0.05497161398125474
269,애월해안도로,제주특별자치도 제주시 애월읍 애월해안로,"#일몰 #해변 #드라이브
#커플 #맑음 #여름 #자연경관",-2,애월읍,0.05497161398125474
270,곽지해수욕장,제주특별자치도 제주시 애월읍 애월원당길 (곽지리),"#일몰 #해수욕장 #액티비티
#아이 #맑음 #여름 #자연경관 #체험 #레저/체험 #해변 #물놀이 #어린이 #수상레저",5,애월읍,0.05497161398125474
271,"더럭초등학교(구, 더럭분교)",제주특별자치도 제주시 애월읍 하가로 195,"#경관/포토 #커플 #아이
#맑음 #봄 #포토스팟 #어린이 #봄꽃 #벚꽃",-3,애월읍,0.05497161398125474
272,애월한담해안산책로,제주특별자치도 제주시 애월읍 곽지리 1359,"#해변 #걷기/등산 #친구
#맑음 #유채꽃 #자연경관 #봄꽃",1,애월읍,0.05497161398125474
273,윗세오름(웃세오름),제주특별자치도 제주시 애월읍 광령리 산 183-1,"#오름 #걷기/등산 #친구
#자연경관 #도보여행 #도보 #한라산 #언택트",-3,애월읍,0.05497161398125474
274,항파두리항몽유적지,제주특별자치도 제주시 애월읍 항파두리로 50,"#문화유적지 #친구 #커플
#봄 #가을 #문화관광 #역사유적 #봄꽃 #유채꽃 #수국 #해바라기",3,애월읍,0.05497161398125474
275,한담해변,제주특별자치도 제주시 애월읍 애월로1길 26-4,"#해변 #경관/포토 #커플
#맑음 #여름 #자연경관 #포토스팟 #봄꽃 #유채꽃",-2,애월읍,0.05497161398125474
276,선운정사,제주특별자치도 제주시 애월읍 구몰동길 65,"#밤 #경관/포토 #휴식/힐링
#부모 #흐림 #여름 #문화관광 #포토스팟",-2,애월읍,0.05497161398125474
277,제주공룡랜드[휴장중],제주특별자치도 제주시 애월읍 광령평화2길 1,"#테마공원 #아이 #가을
#실내관광지 #어린이 #어트랙션",2,애월읍,0.05497161398125474
278,연화못,제주특별자치도 제주시 애월읍 고하상로,#휴식/힐링 #여름 #자연경관,-2,애월읍,0.05497161398125474
279,구엄리돌염전,제주특별자치도 제주시 애월읍 애월해안로 708,"#일몰 #해변 #문화유적지
#맑음 #가을 #자연경관 #역사유적 #어트랙션",2,애월읍,0.05497161398125474
280,제주올레 15-A코스,제주특별자치도 제주시 애월읍 납읍리 2695-5,"#커플 #혼자 #친구
#맑음 #경관/포토 #올레 #봄 #가을 #도보여행 #도보 #포토스팟",-5,애월읍,0.05497161398125474
281,렛츠런파크,제주특별자치도 제주시 애월읍 평화로 2144,"#승마 #액티비티 #아이
#맑음 #체험 #레저/체험 #어린이 #테마공원 #어트랙션",6,애월읍,0.05497161398125474
282,큰노꼬메오름,제주특별자치도 제주시 애월읍 유수암리 산 138,"#일몰 #오름 #걷기/등산
#봄 #자연경관 #도보여행 #도보",-4,애월읍,0.05497161398125474
283,고내리포구,제주특별자치도 제주시 애월읍 고내리,"#부모 #커플 #혼자
#친구 #해변 #올레 #자연경관",-1,애월읍,0.05497161398125474
284,테디베어사파리 테지움,제주특별자치도 제주시 애월읍 평화로 2159,"#실내 #테마공원 #아이
#비.눈 #사계절 #실내관광지 #어린이 #어트랙션",1,애월읍,0.05497161398125474
285,천아숲길 천아계곡,제주특별자치도 제주시 애월읍 봉성리 산 1,"#숲길 #걷기/등산 #아이
#흐림 #봄 #단풍 #가을 #자연경관 #도보여행 #도보 #숲 #어린이 #언택트 #계곡 #물놀이",-3,애월읍,0.05497161398125474
286,빌레못동굴,제주특별자치도 제주시 애월읍 어음리 1391,"#4.3 #문화유적지 #부모
#커플 #혼자 #친구 #아이 #청년 #중/장년 #노년 #자연경관 #문화관광 #제주4.3 #역사유적 #어린이",2,애월읍,0.05497161398125474
287,장전리 벚꽃축제길,제주특별자치도 제주시 애월읍 광상로 403,"#걷기/등산 #경관/포토 #커플
#맑음 #봄 #봄꽃 #도보여행 #도보 #포토스팟 #어트랙션 #벚꽃",-3,애월읍,0.05497161398125474
288,애월 한담 카약,제주 제주시 애월읍 애월로1길 25,"#해수욕장 #액티비티 #커플
#맑음 #여름 #체험 #레저/체험 #해변 #물놀이 #수상레저 #어트랙션",8,애월읍,0.05497161398125474
289,곽지해수욕장야영장,제주특별자치도 제주시 애월읍 곽지리 1565,"#야영장 #캠핑장 #해수욕장
#액티비티 #아이 #맑음 #자연경관 #체험 #레저/체험 #해변 #물놀이 #어린이 #수상레저 #캠핑 #언택트 #어트랙션",9,애월읍,0.05497161398125474
290,쉼터마을 유수암리 농어촌체험마을,제주특별자치도 제주시 애월읍 유수암평화길 14,"#체험관광 #아이 #흐림
#사계절 #체험 #마을산책 #마을관광 #어린이 #어트랙션",3,애월읍,0.05497161398125474
291,제주빅볼랜드,제주특별자치도 제주시 애월읍 산록서로 15,"#액티비티 #아이 #맑음
#가을 #체험 #레저/체험 #어린이 #어트랙션",4,애월읍,0.05497161398125474
292,제주올레 16코스,제주특별자치도 제주시 애월읍 고내리 1111-2,"#올레 #걷기/등산 #친구
#혼자 #가을 #자연경관 #도보여행 #도보",-3,애월읍,0.05497161398125474
293,화조원,제주특별자치도 제주시 애월읍 애원로 804,"#아이 #동물 #체험
#실내관광지 #어린이 #어트랙션 #어린이동물농장",2,애월읍,0.05497161398125474
294,9.81 파크,제주특별자치도 제주시 애월읍 천덕로 880-24,"#어린이 #레이싱 #서바이벌
#실내놀이터 #가족 #애월 #테마파크 #액티비티 #실내관광지 #체험 #레저/체험 #테마공원 #어트랙션",8,애월읍,0.05497161398125474
295,"고내봉(고내오름,고니오름,망오름)",제주특별자치도 제주시 애월읍 고내리 산 3-1,"#오름 #걷기/등산 #맑음
#봄 #자연경관 #도보여행 #도보",-3,애월읍,0.05497161398125474
296,납읍난대림 금산공원,제주특별자치도 제주시 애월읍 납읍리 14 57,"#걷기/등산 #흐림 #여름
#자연경관",0,애월읍,0.05497161398125474
297,도치돌 알파카목장,제주특별자치도 제주시 애월읍 도치돌길 293,"#아이 #커플 #맑음
#흐림 #휴식/힐링 #체험관광 #사계절 #자연경관 #체험 #어린이 #어트랙션",1,애월읍,0.05497161398125474
298,수산저수지,제주특별자치도 제주시 애월읍 수산리 1,"#경관/포토 #휴식/힐링 #자연경관
#포토스팟",-4,애월읍,0.05497161398125474
299,아르떼뮤지엄,제주특별자치도 제주시 애월읍 어림비로 478,"#커플 #혼자 #친구
#테마공원 #미술/박물관 #전시와행사 #실내관광지 #문화관광 #어트랙션",2,애월읍,0.05497161398125474
300,애월 하물,제주특별자치도 제주시 애월읍 애월로11길 6,"#사계절 #아이 #용천수
#자연경관 #어린이",-1,애월읍,0.05497161398125474
301,제주승마공원,제주특별자치도 제주시 애월읍 녹고메길 152-1,"#승마 #액티비티 #친구
#커플 #체험 #레저/체험 #어트랙션",5,애월읍,0.05497161398125474
302,"천아오름(틍낭오름,天娥岳)",제주특별자치도 제주시 애월읍 산록서로 678-207,"#오름 #걷기/등산 #친구
#아이 #흐림 #자연경관 #도보여행 #도보 #어린이",-3,애월읍,0.05497161398125474
303,큰바리메오름,제주특별자치도 제주시 애월읍 산록서로 15,"#오름 #사계절 #청년
#휴식/힐링 #친구 #커플 #혼자 #자연경관 #도보여행 #도보",-5,애월읍,0.05497161398125474
304,(주)제주해양레저 투명카약,제주특별자치도 제주시 애월읍 애월로1길 22,"#해수욕장 #액티비티 #친구
#커플 #맑음 #체험 #레저/체험 #해변 #물놀이 #수상레저 #어트랙션",8,애월읍,0.05497161398125474
305,SM 디지털아트 뮤지엄,제주특별자치도 제주시 애월읍 애월해안로 516-7,"#부모 #커플 #혼자
#친구 #아이 #사계절 #실내관광지 #문화관광 #어린이 #어트랙션",2,애월읍,0.05497161398125474
306,가메오름,제주특별자치도 제주시 애월읍 봉성리 산 125,"#오름 #걷기/등산 #맑음
#자연경관 #도보여행 #도보",-3,애월읍,0.05497161398125474
307,갑자기 히어로즈 벽화길,제주특별자치도 제주시 애월읍 금성1길 29-3,"#경관/포토 #테마공원 #커플
#친구 #아이 #도보여행 #도보 #포토스팟 #어린이",-3,애월읍,0.05497161398125474
308,고내리 다락쉼터,제주특별자치도 제주시 애월읍 애월해안로 284,#쉼터 #공원 #해안도로,0,애월읍,0.05497161398125474
309,고마워토토 아뜰리에,제주특별자치도 제주시 애월읍 고성북길 112,"#커피 #쿠킹체험 #쿠키
#라자냐 #치킨 #음식 #크림파스타 #파스타",0,애월읍,0.05497161398125474
310,고사리숲,제주특별자치도 제주시 애월읍 평화로 2715 제주관광대학교 내 창업보육센터 본관 315호,"#체험관광 #아이 #화장품
#자연경관 #체험 #숲 #어린이",0,애월읍,0.05497161398125474
311,곽지패총,제주특별자치도 제주시 애월읍 곽지리 2043-1,"#문화유적지 #자연경관 #문화관광
#역사유적",2,애월읍,0.05497161398125474
312,광령귤나무,제주특별자치도 제주시 애월읍 광령8길 24-2,#겨울 #자연경관,-1,애월읍,0.05497161398125474
313,구엄포구,제주특별자치도 제주시 애월읍 구엄리,"#포구 #해변 #문화유적지
#맑음 #자연경관 #역사유적",2,애월읍,0.05497161398125474
314,금덕무환자나무및팽나무군락,제주특별자치도 제주시 애월읍 유수암리 1920,"#문화유적지 #자연경관 #문화관광
#역사유적",2,애월읍,0.05497161398125474
315,금성포구,제주특별자치도 제주시 애월읍 금성리 573-1,"#포구 #해변 #문화유적지
#자연경관 #역사유적",2,애월읍,0.05497161398125474
316,기독교순례길 1코스(순종의길),제주특별자치도 제주시 애월읍 금성하안길 3,"#걷기/등산 #흐림 #봄
#가을 #문화관광 #도보여행 #도보 #어트랙션",1,애월읍,0.05497161398125474
317,남두연대,제주특별자치도 제주시 애월읍 신엄리 2780-1,"#부모 #아이 #문화유적지
#문화관광 #역사유적 #어린이",3,애월읍,0.05497161398125474
318,동귀방파제,제주특별자치도 제주시 애월읍 하귀리,"#여름 #일몰 #해변
#낚시 #자연경관 #어트랙션",1,애월읍,0.05497161398125474
319,멍멍플레이스,제주특별자치도 제주시 애월읍 소길남길 244-5,"#반려견 #카페 #음식
#어트랙션",1,애월읍,0.05497161398125474
320,무수천,제주특별자치도 제주시 애월읍 무수천길,"#계곡 #휴식/힐링 #여름
#자연경관 #물놀이",0,애월읍,0.05497161398125474
321,송악산,제주특별자치도 서귀포시 대정읍 송악관광로 421-1,"#일몰 #일출 #산
#해변 #걷기/등산 #친구 #커플 #맑음 #가을 #자연경관 #수국",1,대정읍,0.052888123636587715
322,마라도(마라해양도립공원),제주특별자치도 서귀포시 대정읍 마라로101번길 46,"#섬속의섬 #휴식/힐링 #부모
#아이 #맑음 #가을 #자연경관 #어린이",-2,대정읍,0.052888123636587715
323,가파도,제주특별자치도 서귀포시 대정읍 가파리,"#섬속의섬 #경관/포토 #휴식/힐링
#친구 #커플 #맑음 #봄 #자연경관 #포토스팟 #언택트",-5,대정읍,0.052888123636587715
324,노리매공원,제주특별자치도 서귀포시 대정읍 중산간서로 2260-15,"#경관/포토 #테마공원 #커플
#맑음 #봄 #자연경관 #포토스팟 #매화",-2,대정읍,0.052888123636587715
325,섯알오름,제주특별자치도 서귀포시 대정읍 상모리 1618,"#부모 #커플 #혼자
#친구 #아이 #오름 #4.3 #자연경관 #제주4.3 #역사유적 #도보여행 #도보 #어린이",-3,대정읍,0.052888123636587715
326,모슬포항,제주특별자치도 서귀포시 대정읍 신영로36번길 48,"#커플 #친구 #맑음
#해변",1,대정읍,0.052888123636587715
327,알뜨르비행장,제주특별자치도 서귀포시 대정읍 상모리 1670,"#문화유적지 #친구 #커플
#흐림 #봄 #자연경관 #문화관광 #역사유적",2,대정읍,0.052888123636587715
328,제주곶자왈도립공원,제주특별자치도 서귀포시 대정읍 에듀시티로 178,"#숲길 #걷기/등산 #커플
#흐림 #자연경관 #도보여행 #도보 #곶자왈 #숲 #어트랙션",-3,대정읍,0.052888123636587715
329,제주올레 10코스,제주특별자치도 서귀포시 대정읍 상모리 산 2-27,"#올레 #걷기/등산 #친구
#혼자 #봄 #가을 #자연경관 #도보여행 #도보",-3,대정읍,0.052888123636587715
330,마라도성당,제주특별자치도 서귀포시 대정읍 마라로 153,"#실내 #휴식/힐링 #부모
#가을 #어트랙션",-1,대정읍,0.052888123636587715
331,곶자왈,제주특별자치도 서귀포시 대정읍 신평리,"#숲길 #걷기/등산 #친구
#흐림 #봄 #가을 #자연경관 #도보여행 #도보 #곶자왈 #숲",-4,대정읍,0.052888123636587715
332,초콜릿박물관,제주특별자치도 서귀포시 대정읍 일주서로3000번길 144,"#실내 #미술/박물관 #아이
#비.눈 #겨울 #실내관광지 #문화관광 #박물관 #어트랙션",0,대정읍,0.052888123636587715
333,우포토 시네마 갤러리 카페,제주특별자치도 서귀포시 대정읍 상모로 216-2,#휴식/힐링 #어트랙션 #카페,0,대정읍,0.052888123636587715
334,마라도등대,제주특별자치도 서귀포시 대정읍 가파리 642,#등대 #경관/포토 #포토스팟,-2,대정읍,0.052888123636587715
335,무릉곶자왈,제주특별자치도 서귀포시 대정읍 무릉리 산 1,"#숲길 #걷기/등산 #흐림
#가을 #자연경관 #도보여행 #도보 #곶자왈 #숲 #언택트",-5,대정읍,0.052888123636587715
336,제주추사관,제주특별자치도 서귀포시 대정읍 추사로 44,"#미술/박물관 #흐림 #겨울
#실내관광지 #어트랙션",0,대정읍,0.052888123636587715
337,형제해안도로,제주특별자치도 서귀포시 대정읍 상모리 1649-1,"#해변 #드라이브 #맑음
#가을",0,대정읍,0.052888123636587715
338,대한민국최남단기념비/ 마라도 기념비,제주특별자치도 서귀포시 대정읍 마라로 131,"#경관/포토 #부모 #커플
#혼자 #친구 #아이 #마라도 #포토스팟 #어린이 #어트랙션",-1,대정읍,0.052888123636587715
339,송악산 진지동굴,제주특별자치도 서귀포시 대정읍 상모리,"#부모 #커플 #혼자
#친구 #아이 #문화유적지 #동굴 #자연경관 #문화관광 #역사유적 #어린이",3,대정읍,0.052888123636587715
340,고산일과해안도로,제주특별자치도 서귀포시 대정읍 영락하동로 9-6,"#일몰 #해변 #드라이브
#커플 #맑음",-1,대정읍,0.052888123636587715
341,노을해안로,제주특별자치도 서귀포시 대정읍 노을해안로 24,"#일몰 #해변 #걷기/등산
#혼자 #가을 #자연경관",0,대정읍,0.052888123636587715
342,대정해변(하모해변),제주특별자치도 서귀포시 대정읍 하모리,"#커플 #친구 #아이
#맑음 #해변 #자연경관 #어린이",0,대정읍,0.052888123636587715
343,마라도관광쉼터,제주특별자치도 서귀포시 대정읍 마라로 139,#부모 #어트랙션,1,대정읍,0.052888123636587715
344,제주올레 11코스,제주특별자치도 서귀포시 대정읍 동일리 3168,"#올레 #걷기/등산 #친구
#혼자 #봄 #가을 #자연경관 #도보여행 #도보",-3,대정읍,0.052888123636587715
345,추사적거지,제주특별자치도 서귀포시 대정읍 추사로 44,"#친구 #아이 #문화유적지
#문화관광 #역사유적 #어린이 #어트랙션",4,대정읍,0.052888123636587715
346,M1971 요트투어,제주특별자치도 서귀포시 대정읍 최남단해안로 128,"#체험관광 #경관/포토 #휴식/힐링
#체험 #포토스팟 #waterleisure #수상레저 #어트랙션",2,대정읍,0.052888123636587715
347,가파도 마라도 정기여객선,제주특별자치도 서귀포시 대정읍 최남단해안로 120,#아름다운섬나라 #어트랙션,1,대정읍,0.052888123636587715
348,동일리포구,제주특별자치도 서귀포시 대정읍 동일리,"#포구 #해변 #문화유적지
#자연경관 #역사유적",2,대정읍,0.052888123636587715
349,모슬봉(모슬개오름),제주특별자치도 서귀포시 대정읍 상모로191번길,"#부모 #커플 #혼자
#친구 #아이 #맑음 #오름 #자연경관 #도보여행 #도보 #어린이",-4,대정읍,0.052888123636587715
350,발자국화석공원,제주특별자치도 서귀포시 대정읍 형제해안로 192,"#부모 #커플 #아이
#경관/포토 #문화유적지 #사계절",0,대정읍,0.052888123636587715
351,신도포구,제주특별자치도 서귀포시 대정읍 신도리,"#포구 #해변 #문화유적지
#자연경관 #역사유적",2,대정읍,0.052888123636587715
352,제주올레 12코스,제주특별자치도 서귀포시 대정읍 신도리 2883-2,"#올레 #걷기/등산 #친구
#혼자 #봄 #가을 #자연경관 #도보여행 #도보",-3,대정읍,0.052888123636587715
353,케이제주씨워킹,제주특별자치도 서귀포시 대정읍 최남단해안로 120,"#해수욕장 #액티비티 #친구
#커플 #맑음 #여름 #체험 #레저/체험 #해변 #물놀이 #어트랙션",7,대정읍,0.052888123636587715
354,9연대 본부 옛터,제주특별자치도 서귀포시 대정읍 일주서로 2497,"#4.3 #문화유적지 #문화관광
#제주4.3 #역사유적 #어트랙션",4,대정읍,0.052888123636587715
355,가파초등학교 마라분교장,제주특별자치도 서귀포시 대정읍 마라로 58,"#경관/포토 #맑음 #사계절
#포토스팟 #어트랙션",-1,대정읍,0.052888123636587715
356,강병대교회,제주특별자치도 서귀포시 대정읍 상모대서로 43-3,"#실내 #문화유적지 #가을
#문화관광 #역사유적 #어트랙션",3,대정읍,0.052888123636587715
357,기독교순례길 4코스(화해의길),제주특별자치도 서귀포시 대정읍 추사로36번길 11,"#걷기/등산 #흐림 #봄
#가을 #문화관광 #도보여행 #도보 #어트랙션",1,대정읍,0.052888123636587715
358,남문지못,제주특별자치도 서귀포시 대정읍 인성리 392,"#문화유적지 #자연경관 #문화관광
#역사유적",2,대정읍,0.052888123636587715
359,대정면 4.3사건 위령비,제주특별자치도 서귀포시 대정읍 동일하모로 158-3,"#4.3 #문화유적지 #문화관광
#제주4.3 #역사유적 #어트랙션",4,대정읍,0.052888123636587715
360,대정현역사자료전시관,제주특별자치도 서귀포시 대정읍 상모대서로 17,"#친구 #아이 #문화공간
#전시관 #실내관광지 #문화관광 #어린이 #어트랙션",1,대정읍,0.052888123636587715
361,동계 정온 유허비,제주특별자치도 서귀포시 대정읍 안성리,"#문화유적지 #문화관광 #역사유적
#어트랙션",4,대정읍,0.052888123636587715
362,동알오름,제주특별자치도 서귀포시 대정읍 상모리 153,"#일몰 #오름 #걷기/등산
#자연경관 #도보여행 #도보",-4,대정읍,0.052888123636587715
363,마라도 섬투어,제주특별자치도 서귀포시 대정읍 마라로 65,"#겨울 #마라도 #자연경관
#체험 #도보 #도보여행 #언택트 #포토스팟 #섬속의섬 #어트랙션",-3,대정읍,0.052888123636587715
364,마라도기원정사,제주특별자치도 서귀포시 대정읍 마라로 87,"#문화유적지 #문화관광 #역사유적
#어트랙션",4,대정읍,0.052888123636587715
365,외돌개,제주특별자치도 서귀포시 서홍동 791,"#일출 #해변 #경관/포토
#휴식/힐링 #맑음 #가을 #자연경관 #포토스팟",-2,서홍동,0.050540366627601654
366,황우지해안,제주특별자치도 서귀포시 서홍동 766-1,"#해변 #경관/포토 #액티비티
#친구 #커플 #맑음 #여름 #자연경관 #체험 #레저/체험 #포토스팟 #수상레저 #어트랙션",3,서홍동,0.050540366627601654
367,새연교,제주특별자치도 서귀포시 서홍동 707-4,"#밤 #경관/포토 #커플
#맑음 #포토스팟",-2,서홍동,0.050540366627601654
368,제주올레 7코스,제주특별자치도 서귀포시 서홍동 795-1,"#올레 #걷기/등산 #친구
#여름 #자연경관 #도보여행 #도보",-3,서홍동,0.050540366627601654
369,서귀포칠십리시공원,제주특별자치도 서귀포시 서홍동 576-9,"#휴식/힐링 #커플 #맑음
#봄 #매화",-1,서홍동,0.050540366627601654
370,황우지해안 열두굴,제주특별자치도 서귀포시 서홍동 764-1,"#문화유적지 #해변 #커플
#친구 #맑음 #자연경관 #역사유적",2,서홍동,0.050540366627601654
371,들렁모루 산책길,제주특별자치도 서귀포시 서홍동 2437,"#걷기/등산 #흐림 #맑음
#가을 #자연경관 #도보여행 #도보",-2,서홍동,0.050540366627601654
372,신창~차귀해안도로,제주특별자치도 제주시 한경면 한경해안로 470,"#일몰 #드라이브 #커플
#맑음 #가을 #자연경관",-3,한경면,0.03490604653495736
373,차귀도,제주특별자치도 제주시 한경면 고산리 125,"#커플 #맑음 #문화유적지
#일몰 #차귀도 #수월봉 #자연경관 #역사유적 #언택트 #단풍",-1,한경면,0.03490604653495736
374,제주유리의성,제주특별자치도 제주시 한경면 녹차분재로 462,"#테마공원 #커플 #흐림
#가을 #우수관광사업체 #실내관광지 #어트랙션 #안전여행스탬프",3,한경면,0.03490604653495736
375,수월봉 지질트레일,제주특별자치도 제주시 한경면 노을해안로 1013-70,"#지질트레일 #걷기/등산 #친구
#맑음 #가을 #자연경관 #언택트 #유네스코",0,한경면,0.03490604653495736
376,환상숲 곶자왈공원,제주특별자치도 제주시 한경면 녹차분재로 594-1,"#웰니스 #자연 #숲
#치유 #걷기/등산 #커플 #자연경관 #곶자왈 #안전여행스탬프",-1,한경면,0.03490604653495736
377,생각하는정원,제주특별자치도 제주시 한경면 녹차분재로 675,"#휴식/힐링 #테마공원 #커플
#아이 #흐림 #가을 #어린이 #어트랙션 #안전여행스탬프",2,한경면,0.03490604653495736
378,제주현대미술관,제주특별자치도 제주시 한경면 저지14길 35,"#예술 #실내 #미술/박물관
#커플 #흐림 #겨울 #실내관광지 #미술관 #문화관광 #어트랙션 #포토스팟 #제주명품42 #제주7대건축물",-2,한경면,0.03490604653495736
379,"당산봉(당오름,차귀오름)",제주특별자치도 제주시 한경면 고산리 산 15,"#오름 #걷기/등산 #가을
#자연경관 #도보여행 #도보",-3,한경면,0.03490604653495736
380,수월봉,제주특별자치도 제주시 한경면 고산리 3760,"#부모 #커플 #혼자
#친구 #아이 #맑음 #가을 #경관/포토 #일몰 #휴식/힐링 #자연경관 #포토스팟 #어린이 #언택트 #유네스코",-6,한경면,0.03490604653495736
381,판포포구,제주특별자치도 제주시 한경면 판포리 2877-3,"#포구 #해변 #문화유적지
#친구 #아이 #여름 #자연경관 #역사유적 #어린이",2,한경면,0.03490604653495736
382,신창풍차해안도로,제주특별자치도 제주시 한경면 신창리 1322-1,"#커플 #경관/포토 #해안도로
#커플스냅 #포토스팟 #드라이브",-3,한경면,0.03490604653495736
383,제주도립김창열미술관,제주특별자치도 제주시 한경면 용금로 883-5,"#미술/박물관 #저지예술인마을 #저지리
#예술 #실내관광지 #문화관광 #미술관 #어트랙션",-1,한경면,0.03490604653495736
384,신창리포구,제주특별자치도 제주시 한경면 신창리,"#포구 #해변 #문화유적지
#커플 #자연경관 #역사유적",2,한경면,0.03490604653495736
385,저지 예술인 마을,제주특별자치도 제주시 한경면 저지14길 28-4,"#예술 #체험관광 #커플
#흐림 #가을 #문화관광 #마을산책 #마을관광 #어트랙션",2,한경면,0.03490604653495736
386,청수곶자왈,제주특별자치도 제주시 한경면 대한로 1036,"#커플 #친구 #맑음
#여름 #밤 #숲길 #걷기 #도보여행 #도보 #곶자왈 #숲",-5,한경면,0.03490604653495736
387,순례자의교회,제주특별자치도 제주시 한경면 일주서로 3960-24,#휴식/힐링 #가을 #어트랙션,0,한경면,0.03490604653495736
388,"저지오름(닥몰오름,새오름)",제주특별자치도 제주시 한경면 저지리 산 51,"#일몰 #오름 #걷기/등산
#자연경관 #도보여행 #도보",-4,한경면,0.03490604653495736
389,생이기정,제주특별자치도 제주시 한경면 용수리 산 60,"#일몰 #해변 #걷기/등산
#맑음 #가을 #자연경관",0,한경면,0.03490604653495736
390,싱계물 공원,제주 제주시 한경면 신창리 1322-1,#싱계물공원 #자연경관,-1,한경면,0.03490604653495736
391,엉알해안,제주특별자치도 제주시 한경면 고산리 3427-33,"#해변 #경관/포토 #커플
#맑음 #여름 #자연경관 #포토스팟",-2,한경면,0.03490604653495736
392,엉알해안산책로,제주특별자치도 제주시 한경면 노을해안로 1143,"#일몰 #해변 #걷기/등산
#커플 #맑음 #가을 #자연경관",0,한경면,0.03490604653495736
393,자구내포구,제주특별자치도 제주시 한경면 고산리,"#부모 #커플 #혼자
#아이 #친구 #맑음 #휴식/힐링 #경관/포토 #문화유적지 #포구 #역사유적 #포토스팟 #어린이",-1,한경면,0.03490604653495736
394,당오름(한경면),제주특별자치도 제주시 한경면 용수리 산 18,"#오름 #걷기/등산 #맑음
#가을 #자연경관 #도보여행 #도보",-3,한경면,0.03490604653495736
395,동산농원 딸기체험장,제주특별자치도 제주시 한경면 저지리 1448-2,"#친구 #아이 #커플
#실내 #체험관광 #체험 #어린이 #어트랙션",2,한경면,0.03490604653495736
396,라온골프클럽,제주특별자치도 제주시 한경면 용금로 998,"#커플 #친구 #액티비티
#골프 #체험 #레저/체험 #어트랙션",5,한경면,0.03490604653495736
397,방림원,제주특별자치도 제주시 한경면 용금로 864,"#휴식/힐링 #우수관광사업체 #자연경관
#안전여행스탬프",-1,한경면,0.03490604653495736
398,노을해안1014,제주특별자치도 제주시 한경면 노을해안로 1014,"#액티비티 #체험관광 #체험
#레저/체험 #어트랙션",5,한경면,0.03490604653495736
399,성김대건신부표착기념관,제주특별자치도 제주시 한경면 용수1길 108,"#실내 #미술/박물관 #사계절
#실내관광지 #문화관광 #어트랙션",0,한경면,0.03490604653495736
400,용수항,제주특별자치도 제주시 한경면 용수리,"#문화유적지 #일몰 #해변
#혼자 #친구 #커플 #올레 #역사유적",1,한경면,0.03490604653495736
401,절부암,제주특별자치도 제주시 한경면 용수3길 22,"#해변 #걷기/등산 #맑음
#자연경관",1,한경면,0.03490604653495736
402,제주올레 13코스,제주특별자치도 제주시 한경면 조수리 2137-2,"#올레 #걷기/등산 #친구
#혼자 #봄 #자연경관 #도보여행 #도보",-3,한경면,0.03490604653495736
403,차귀도요트,제주특별자치도 제주시 한경면 한경해안로 156 2층,"#요트 #액티비티 #부모
#맑음 #체험 #레저/체험 #어트랙션",4,한경면,0.03490604653495736
404,차귀도유람선,제주특별자치도 제주시 한경면 노을해안로 1163 차귀도유람선,"#차귀도 #유람선 #둘레길
#차귀도유람선 #섬여행 #자연경관 #체험 #도보여행 #도보 #어트랙션",0,한경면,0.03490604653495736
405,추사 유배길 - 2코스 인연의 길,제주특별자치도 제주시 한경면 낙수로 228-9,"#걷기/등산 #봄 #가을
#문화관광 #도보여행 #도보 #어트랙션",1,한경면,0.03490604653495736
406,"판포오름(널개오름, 板浦岳)",제주특별자치도 제주시 한경면 판포리 934,"#오름 #걷기/등산 #자연경관
#도보여행 #도보",-3,한경면,0.03490604653495736
407,해거름전망대,제주특별자치도 제주시 한경면 일주서로 4641,"#경관/포토 #맑음 #포토스팟
#어트랙션",-1,한경면,0.03490604653495736
408,가마오름,제주특별자치도 제주시 한경면 청수서5길 63,"#오름 #걷기/등산 #자연경관
#도보여행 #도보",-3,한경면,0.03490604653495736
409,가마오름 진지동굴,제주특별자치도 제주시 한경면 청수서5길 63,"#친구 #아이 #문화유적지
#동굴 #오름 #문화관광 #역사유적 #도보여행 #도보 #어린이 #어트랙션",2,한경면,0.03490604653495736
410,기독교순례길 3코스(사명의길),제주특별자치도 제주시 한경면 조수3길 7,"#걷기 #봄 #가을
#문화관광 #도보여행 #도보 #어트랙션",-1,한경면,0.03490604653495736
411,낙천아홉굿마을 의자공원,제주특별자치도 제주시 한경면 낙수로 97,"#부모 #커플 #혼자
#친구 #아이 #맑음 #흐림 #경관/포토 #휴식/힐링 #테마공원 #체험관광 #사계절 #청년 #중/장년 #노년 #휴식/치유 #체험 #마을산책 #마을관광 #포토스팟 #어린이 #언택트 #어트랙션",-1,한경면,0.03490604653495736
412,마오름(한경),제주특별자치도 제주시 한경면 저지리 산 56,"#오름 #걷기/등산 #자연경관
#도보여행 #도보",-3,한경면,0.03490604653495736
413,휴애리 자연생활공원,"제주특별자치도 서귀포시 남원읍 신례동로 256 (신례리, 휴애리)","#휴식/힐링 #아이 #맑음
#봄 #우수관광사업체 #자연경관 #어린이 #동백 #매화 #수국 #안전여행스탬프",-2,남원읍,0.04755460223082161
414,제주동백수목원,제주특별자치도 서귀포시 남원읍 위미중앙로300번길 15,"#경관/포토 #커플 #겨울
#제주동백수목원 #자연경관 #동백 #포토스팟",-3,남원읍,0.04755460223082161
415,남원큰엉해변,제주특별자치도 서귀포시 남원읍 태위로 522-17,"#해변 #경관/포토 #맑음
#여름 #자연경관 #포토스팟",-2,남원읍,0.04755460223082161
416,코코몽 에코파크,제주특별자치도 서귀포시 남원읍 태위로 536,"#테마공원 #아이 #가을
#실내관광지 #어린이 #어트랙션",2,남원읍,0.04755460223082161
417,성널오름(성판악),제주특별자치도 서귀포시 남원읍 신례리,"#오름 #걷기/등산 #봄
#자연경관 #도보여행 #도보 #한라산 #언택트",-3,남원읍,0.04755460223082161
418,사라오름,제주특별자치도 서귀포시 남원읍 신례리 산 2-1,"#오름 #걷기/등산 #커플
#겨울 #자연경관 #도보여행 #도보 #한라산 #언택트",-3,남원읍,0.04755460223082161
419,위미리 동백나무군락,제주특별자치도 서귀포시 남원읍 위미중앙로300번길 23-7,"#경관/포토 #커플 #아이
#맑음 #겨울 #자연경관 #동백 #포토스팟 #어린이",-4,남원읍,0.04755460223082161
420,물영아리오름,제주특별자치도 서귀포시 남원읍 남조로 988-11,"#일출 #오름 #걷기/등산
#흐림 #여름 #자연경관 #도보여행 #도보 #언택트",-3,남원읍,0.04755460223082161
421,가뫼물,제주특별자치도 서귀포시 남원읍 남위남성로 168,"#체험관광 #아이 #겨울
#감귤 #자연경관 #어린이 #어트랙션",1,남원읍,0.04755460223082161
422,공천포,제주특별자치도 서귀포시 남원읍 신례리,"#해변 #문화유적지 #친구
#여름 #자연경관 #역사유적",2,남원읍,0.04755460223082161
423,위미항,제주특별자치도 서귀포시 남원읍 위미중앙로196번길 6-13,"#해변 #여자 #남자
#맑음 #언택트",0,남원읍,0.04755460223082161
424,제주올레 5코스,제주특별자치도 서귀포시 남원읍 남태해안로 140,"#올레 #걷기/등산 #친구
#혼자 #맑음 #여름 #자연경관 #도보여행 #도보",-3,남원읍,0.04755460223082161
425,이승이오름(이승악),제주특별자치도 서귀포시 남원읍 신례리 산 12-19,"#오름 #자연경관 #도보여행
#도보",-4,남원읍,0.04755460223082161
426,제주올레 4코스,제주특별자치도 서귀포시 남원읍 태흥리 200-2,"#올레 #걷기/등산 #친구
#가을 #자연경관 #도보여행 #도보",-3,남원읍,0.04755460223082161
427,사려니오름,제주특별자치도 서귀포시 남원읍 516로 1648-87,"#오름 #걷기/등산 #커플
#흐림 #봄 #자연경관 #도보여행 #도보 #단풍",-3,남원읍,0.04755460223082161
428,5.16도로숲터널,제주특별자치도 서귀포시 남원읍 신례리 산 2-1,"#드라이브 #맑음 #자연경관
#숲 #단풍 #제주명품42 #포토스팟 #제주7대도로",-3,남원읍,0.04755460223082161
429,공천포구,제주특별자치도 서귀포시 남원읍 신례리,"#커플 #친구 #경관/포토
#해변 #부모 #혼자 #아이 #맑음 #자연경관 #포토스팟 #어린이",-2,남원읍,0.04755460223082161
430,태흥포구,제주특별자치도 서귀포시 남원읍 태흥리,"#부모 #커플 #혼자
#친구 #휴식/힐링 #해변 #자연경관",-1,남원읍,0.04755460223082161
431,머체왓숲길,제주특별자치도 서귀포시 남원읍 서성로 755,"#웰니스 #자연 #숲
#치유 #숲길 #걷기 #커플 #자연경관 #도보여행 #도보 #언택트",-8,남원읍,0.04755460223082161
432,"자배봉(자배오름,망오름)",제주특별자치도 서귀포시 남원읍 태위로360번길 18,"#오름 #걷기/등산 #자연경관
#도보여행 #도보",-3,남원읍,0.04755460223082161
433,감귤상웨빵 체험,제주특별자치도 서귀포시 남원읍 하례중앙로 95,"#친구 #커플 #체험관광
#감귤 #감귤상웨빵 #제주전통 빵 #실내관광지 #체험 #어트랙션",3,남원읍,0.04755460223082161
434,걸서악오름,제주특별자치도 서귀포시 남원읍 하례로 393,"#친구 #맑음 #경관/포토
#오름 #자연경관 #도보여행 #도보 #포토스팟",-6,남원읍,0.04755460223082161
435,고살리숲길,제주특별자치도 서귀포시 남원읍 하례리 산 54-2,"#친구 #혼자 #맑음
#걷기/등산 #트레킹 #계곡 #자연경관 #체험 #도보여행 #도보 #숲 #숲길 #언택트 #물놀이",-1,남원읍,0.04755460223082161
436,그랑블루호(선상낚시),제주특별자치도 서귀포시 남원읍 위미중앙로180번길 10,"#낚시 #액티비티 #커플
#체험 #레저/체험 #수상레저 #어트랙션",6,남원읍,0.04755460223082161
437,남내소,제주특별자치도 서귀포시 남원읍 하례로,"#커플 #친구 #아이
#휴식/힐링 #경관/포토 #자연경관 #체험 #포토스팟 #어린이 #어트랙션",-2,남원읍,0.04755460223082161
438,남원 위미2리 어촌계,제주특별자치도 서귀포시 남원읍 태위로 208,"#경관/포토 #체험관광 #해변
#바릇잡이 #올레5코스 #체험 #포토스팟 #어트랙션",4,남원읍,0.04755460223082161
439,남원항(남원포구),제주특별자치도 서귀포시 남원읍 남태해안로 140,"#맑음 #경관/포토 #문화유적지
#사계절 #자연경관 #역사유적 #포토스팟 #언택트",-2,남원읍,0.04755460223082161
440,내창트레킹,제주특별자치도 서귀포시 남원읍 하례중앙로 95,"#친구 #혼자 #맑음
#걷기/등산 #체험관광 #내창트레킹 #효돈천 #자연경관 #체험 #어트랙션",3,남원읍,0.04755460223082161
441,레더한,제주특별자치도 서귀포시 남원읍 태위로 773-19,"#커플 #비.눈 #체험관광
#원데이클래스 #어트랙션",1,남원읍,0.04755460223082161
442,마흐니 숲길,제주특별자치도 서귀포시 남원읍 남조로 973,"#맑음 #커플 #친구
#부모 #휴식/힐링 #휴식/치유 #자연경관 #체험 #도보여행 #도보 #숲 #숲길 #언택트",-7,남원읍,0.04755460223082161
443,망장포,제주특별자치도 서귀포시 남원읍 하례망장포로 65-13,"#커플 #혼자 #친구
#포구 #낚시 #자연경관",0,남원읍,0.04755460223082161
444,백약이오름,제주특별자치도 서귀포시 표선면 성읍리 산 1,"#일출 #오름 #걷기/등산
#친구 #커플 #겨울 #자연경관 #도보여행 #도보",-2,표선면,0.05993582617735987
445,보롬왓,제주특별자치도 서귀포시 표선면 번영로 2350-104,"#경관/포토 #휴식/힐링 #친구
#커플 #맑음 #봄 #여름 #가을 #자연경관 #포토스팟 #수국",-4,표선면,0.05993582617735987
446,표선해수욕장,제주특별자치도 서귀포시 표선면 표선리,"#해수욕장 #액티비티 #커플
#맑음 #여름 #자연경관 #체험 #레저/체험 #해변 #물놀이 #수상레저",6,표선면,0.05993582617735987
447,따라비오름,제주특별자치도 서귀포시 표선면 가시리 산 62,"#일출 #오름 #걷기/등산
#친구 #가을 #자연경관 #도보여행 #도보 #억새",-3,표선면,0.05993582617735987
448,녹산로유채꽃길,제주특별자치도 서귀포시 표선면 가시리 산 87-15,"#드라이브 #경관/포토 #커플
#맑음 #봄 #봄꽃 #자연경관 #도보여행 #도보 #포토스팟 #유채꽃 #벚꽃 #제주명품42 #제주7대도로",-6,표선면,0.05993582617735987
449,제주민속촌,제주특별자치도 서귀포시 표선면 민속해안로 631-34,"#문화유적지 #아이 #흐림
#가을 #우수관광사업체 #역사유적 #안전여행스탬프",3,표선면,0.05993582617735987
450,성읍민속마을,제주특별자치도 서귀포시 표선면 성읍정의현로 19,"#문화유적지 #부모 #아이
#봄 #자연경관 #역사유적 #마을산책 #마을관광 #어린이 #제주명품42 #제주7대건축물 #사적지 #문화재 #문화관광",5,표선면,0.05993582617735987
451,제주허브동산,제주특별자치도 서귀포시 표선면 돈오름로 170,"#테마공원 #친구 #커플
#맑음 #우정스냅 #동백 #수국",-1,표선면,0.05993582617735987
452,붉은오름 자연휴양림,제주특별자치도 서귀포시 표선면 남조로 1487-73,"#휴양림 #걷기/등산 #휴식/힐링
#커플 #흐림 #가을 #자연경관 #도보여행 #도보",-3,표선면,0.05993582617735987
453,표선세화해안도로,제주특별자치도 서귀포시 표선면 표선리,"#해변 #드라이브 #친구
#여름",0,표선면,0.05993582617735987
454,영주산,제주특별자치도 서귀포시 표선면 번영로,"#일출 #오름 #걷기/등산
#자연경관 #수국",0,표선면,0.05993582617735987
455,조랑말체험공원,제주특별자치도 서귀포시 표선면 녹산로 381-15,"#승마 #액티비티 #아이
#가을 #실내관광지 #체험 #레저/체험 #어린이 #어트랙션",5,표선면,0.05993582617735987
456,대장금촬영지(제주민속촌),제주특별자치도 서귀포시 표선면 민속해안로 631-34,"#커플 #친구 #부모
#경관/포토 #테마공원 #미술/박물관 #포토스팟",-2,표선면,0.05993582617735987
457,성읍녹차마을,제주특별자치도 서귀포시 표선면 중산간동로 4778,"#부모 #커플 #친구
#아이 #경관/포토 #마을산책 #마을관광 #포토스팟 #어린이 #녹차",-3,표선면,0.05993582617735987
458,큰사슴이오름,제주특별자치도 서귀포시 표선면 중산간동로,"#일출 #오름 #걷기/등산
#봄 #자연경관 #도보여행 #도보",-2,표선면,0.05993582617735987
459,낙타트래킹,제주특별자치도 서귀포시 표선면 번영로 2564-21,"#액티비티 #친구 #커플
#체험 #레저/체험 #어트랙션",4,표선면,0.05993582617735987
460,붉은오름(표선면),제주특별자치도 서귀포시 표선면 남조로 1487-73,"#부모 #커플 #혼자
#친구 #맑음 #오름 #사계절 #자연경관 #도보여행 #도보 #단풍",-4,표선면,0.05993582617735987
461,성읍랜드,제주특별자치도 서귀포시 표선면 번영로 2650,"#커플 #친구 #아이
#맑음 #액티비티 #실내관광지 #체험 #레저/체험 #어린이 #어트랙션",4,표선면,0.05993582617735987
462,제주올레 3코스,제주특별자치도 서귀포시 표선면 하천리 87-1,"#올레 #중/장년 #청년
#부모 #커플 #혼자 #친구 #맑음 #비.눈 #경관/포토 #휴식/힐링 #체험관광 #자연경관 #도보여행 #도보 #포토스팟 #어트랙션",-5,표선면,0.05993582617735987
463,청초밭영농조합법인,제주특별자치도 서귀포시 표선면 성읍이리로57번길 34,"#청초밭 #녹차밭 #삼나무길
#동백나무 #체험 #도보여행 #도보 #녹차 #어트랙션",-1,표선면,0.05993582617735987
464,다이나믹메이즈,제주특별자치도 서귀포시 표선면 번영로 2644,"#실내 #테마공원 #아이
#비.눈 #겨울 #우수관광사업체 #실내관광지 #체험 #레저/체험 #어린이 #어트랙션 #안전여행스탬프",4,표선면,0.05993582617735987
465,모지오름,제주특별자치도 서귀포시 표선면 성읍리 산 22,"#혼자 #친구 #맑음
#경관/포토 #휴식/힐링 #액티비티 #오름 #사계절 #자연경관 #체험 #도보여행 #도보 #레저/체험 #포토스팟 #어트랙션",-3,표선면,0.05993582617735987
466,개오름,제주특별자치도 서귀포시 표선면 성읍이리로57번길 162,"#커플 #친구 #혼자
#맑음 #오름 #자연경관 #도보여행 #도보",-4,표선면,0.05993582617735987
467,당케산물(당케포구),제주특별자치도 서귀포시 표선면 표선당포로,"#포구 #해변 #문화유적지
#자연경관 #역사유적",2,표선면,0.05993582617735987
468,민속해안로,제주특별자치도 서귀포시 표선면 일주동로 6228,"#해변 #걷기/등산 #혼자
#맑음",2,표선면,0.05993582617735987
469,세계술박물관,제주특별자치도 서귀포시 표선면 한마음초등로 431,"#실내 #미술/박물관 #친구
#비.눈 #겨울 #실내관광지 #문화관광 #박물관 #어트랙션",0,표선면,0.05993582617735987
470,알오름(표선면),제주특별자치도 서귀포시 표선면 토산리 산 11,"#오름 #걷기/등산 #자연경관
#도보여행 #도보",-3,표선면,0.05993582617735987
471,알프스승마장포니,제주특별자치도 서귀포시 표선면 서성일로 73,"#승마 #액티비티 #흐림
#가을 #체험 #레저/체험 #어트랙션",5,표선면,0.05993582617735987
472,좌보미오름,제주특별자치도 서귀포시 표선면 성읍리 산 6,"#커플 #친구 #혼자
#맑음 #오름 #자연경관 #도보여행 #도보",-4,표선면,0.05993582617735987
473,가문이오름(감은이오름),제주특별자치도 서귀포시 표선면 남조로 1487-73,"#커플 #혼자 #친구
#맑음 #오름 #가을 #자연경관 #도보여행 #도보",-4,표선면,0.05993582617735987
474,가세오름,제주특별자치도 서귀포시 표선면 녹산로 554,"#오름 #걷기/등산 #자연경관
#도보여행 #도보",-3,표선면,0.05993582617735987
475,목장카페 드르쿰다,제주특별자치도 서귀포시 표선면 번영로 2454,"#테마공원 #자연경관 #실내관광지
#체험 #어린이 #어트랙션",2,표선면,0.05993582617735987
476,매오름,제주특별자치도 서귀포시 표선면 표선리 산 2,"#커플 #혼자 #친구
#맑음 #체험관광 #오름 #휴식/치유 #자연경관 #도보여행 #도보 #어트랙션",-3,표선면,0.05993582617735987
477,목장카페 드르쿰다,제주특별자치도 서귀포시 표선면 번영로 2454,"#테마공원 #자연경관 #실내관광지
#체험 #어린이 #어트랙션",2,표선면,0.05993582617735987
478,백록담,제주특별자치도 서귀포시 토평동 산 15-1,"#커플 #혼자 #친구
#경관/포토 #맑음 #사계절 #등산 #자연경관 #포토스팟 #한라산 #언택트",-2,토평동,0.07781745572139374
479,쇠소깍해변,제주특별자치도 서귀포시 하효동,"#해변 #경관/포토 #커플
#맑음 #여름 #자연경관 #포토스팟",-2,하효동,0.02845199421943264
480,게우지코지,제주특별자치도 서귀포시 하효동,"#커플 #혼자 #친구
#경관/포토 #올레 #자연경관 #포토스팟",-4,하효동,0.02845199421943264
481,오라동 청보리-메밀꽃밭,제주특별자치도 제주시 오라2동 산 76,"#경관/포토 #친구 #커플
#맑음 #봄 #가을 #자연경관 #포토스팟 #어트랙션",-2,오라2동,0.04429247625571225
482,어승생,제주특별자치도 제주시 해안동 1100도로 555번지 (해안동 산220-12번지),"#산 #걷기/등산 #친구
#흐림 #자연경관 #한라산 #언택트",0,해안동,0.054226535202500876
483,범섬,제주특별자치도 서귀포시 법환동,"#경관/포토 #휴식/힐링 #휴식/치유
#맑음 #자연경관 #섬속의섬 #포토스팟",-5,법환동,0.16108983037649757
484,1100고지습지,제주특별자치도 서귀포시 색달동 산 1-2,"#산 #경관/포토 #흐림
#가을 #자연경관 #포토스팟 #한라산 #언택트",-3,색달동,0.5447739014262047
485,추자도,제주특별자치도 제주시 추자면 추자도,"#경관/포토 #가을 #자연경관
#포토스팟",-3,추자면,0.03821854945036184
486,모진이몽돌해변,제주특별자치도 제주시 추자면 신양리 56,"#해변 #경관/포토 #맑음
#여름 #자연경관 #포토스팟",-2,추자면,0.03821854945036184
487,제주올레 18-1코스,제주특별자치도 제주시 추자면 묵리 산 133,"#올레 #걷기/등산 #친구
#혼자 #봄 #가을 #자연경관 #도보여행 #도보",-3,추자면,0.03821854945036184
488,추자도 숭어체험장,제주특별자치도 제주시 추자면 석두리길 4,"#커플 #친구 #체험관광
#액티비티 #청년 #휴식/치유 #경관/포토 #체험 #레저/체험 #포토스팟 #수상레저 #어트랙션",3,추자면,0.03821854945036184
489,나바론절벽,제주특별자치도 제주시 추자면 영흥리 산 19,"#산 #경관/포토 #가을
#자연경관 #포토스팟",-3,추자면,0.03821854945036184
490,돈대산돈대산,제주특별자치도 제주시 추자면 예초리 산 67-1,"#커플 #친구 #맑음
#오름 #자연경관",-2,추자면,0.03821854945036184
491,돈대산산림휴양산책로,제주특별자치도 제주시 추자면 예초리 산 67-1,"#산 #걷기/등산 #흐림
#맑음 #자연경관",0,추자면,0.03821854945036184
492,묵리마을,제주특별자치도 제주시 추자면 묵리,"#혼자 #커플 #친구
#휴식/힐링 #마을산책 #마을관광",-1,추자면,0.03821854945036184
493,논짓물,제주특별자치도 서귀포시 하예동,"#커플 #혼자 #친구
#부모 #아이 #여름 #액티비티 #맑음 #자연경관 #체험 #레저/체험 #어린이",2,하예동,0.06528475936945018
494,하예포구(예래포구),제주특별자치도 서귀포시 하예동,"#포구 #해변 #문화유적지
#여름 #자연경관 #역사유적",2,하예동,0.06528475936945018
495,서귀포해안,제주특별자치도 서귀포시 서호동,"#커플 #친구 #맑음
#휴식/힐링 #해변 #자연경관",-1,서호동,0.1873587318390616
496,바람모루,제주특별자치도 서귀포시 서호동,"#걷기/등산 #부모 #아이
#자연경관 #어린이",0,서호동,0.1873587318390616
497,제주올레 18코스,제주특별자치도 제주시 삼양1동 1131-2,"#올레 #걷기/등산 #친구
#혼자 #봄 #가을 #자연경관 #도보여행 #도보",-3,삼양1동,0.018541735295630628
498,제주올레 6코스,제주특별자치도 서귀포시 보목동 1377-4,"#부모 #커플 #혼자
#친구 #맑음 #경관/포토 #휴식/힐링 #체험관광 #올레 #사계절 #청년 #걷기/등산 #봄 #자연경관 #도보여행 #도보 #포토스팟 #어트랙션",-4,보목동,0.021829760439577243
499,제지기오름,제주특별자치도 서귀포시 보목동 275-1,"#일출 #오름 #걷기/등산
#가을 #자연경관 #도보여행 #도보",-2,보목동,0.021829760439577243
500,제주올레 17코스,제주특별자치도 제주시 도두1동 2612-1,"#올레 #걷기/등산 #친구
#혼자 #봄 #가을 #자연경관 #도보여행 #도보",-3,도두1동,0.09258491299045894
501,도두동 무지개 해안도로,제주특별자치도 제주시 도두1동,"#친구 #경관/포토 #드라이브
#우정스냅 #포토스팟",-4,도두1동,0.09258491299045894
502,영실기암,제주특별자치도 서귀포시 하원동,"#부모 #커플 #혼자
#친구 #비.눈 #맑음 #경관/포토 #휴식/힐링 #테마공원 #액티비티 #사계절 #청년 #중/장년 #자연경관 #체험 #레저/체험 #포토스팟 #한라산 #언택트 #어트랙션 #단풍",1,하원동,0.05830798189309955
503,아라리오뮤지엄탑동시네마,제주특별자치도 제주시 삼도2동 1261-8,"#실내 #미술/박물관 #비.눈
#사계절 #실내관광지 #문화관광 #어트랙션",0,삼도2동,0.03159988214726579
504,용두암해안도로카페거리,제주특별자치도 제주시 용담3동,"#일몰 #밤 #커플
#드라이브",-2,용담3동,0.03870092299589372
505,다끄네포구(용담포구),제주특별자치도 제주시 용담3동,"#커플 #혼자 #친구
#문화유적지 #해변 #포구 #자연경관 #역사유적",2,용담3동,0.03870092299589372
506,도두해안도로,제주특별자치도 제주시 도두2동 706-3,"#드라이브 #커플 #맑음
#여름",-1,도두2동,0.06450236108487654
507,산지천,제주특별자치도 제주시 건입동,"#계곡 #걷기/등산 #아이
#자연경관 #어린이 #물놀이",2,건입동,0.09336803860581808
508,서건도,제주특별자치도 서귀포시 강정동 산 1,"#경관/포토 #휴식/힐링 #자연경관
#포토스팟 #언택트",-5,강정동,0.13101314652793628
509,돔베낭골,제주특별자치도 서귀포시 호근동,"#해변 #휴식/힐링 #맑음
#여름 #자연경관",-1,호근동,0.03467235631184651
510,각시바우오름,제주특별자치도 서귀포시 호근동 2112,"#커플 #친구 #혼자
#맑음 #오름 #자연경관 #도보여행 #도보",-4,호근동,0.03467235631184651
511,서귀다원,제주특별자치도 서귀포시 상효동 산 118,"#커플 #친구 #맑음
#경관/포토 #휴식/힐링 #봄 #여름 #자연경관 #포토스팟 #녹차 #어트랙션",-4,상효동,0.06565604688862234
512,산천단,제주특별자치도 제주시 아라1동 392-3,"#휴식/힐링 #문화유적지 #사계절
#자연경관 #역사유적",0,아라1동,0.06281223411156156
513,곤흘동(곤을동) 마을터,제주특별자치도 제주시 화북1동 4438,"#4.3 #문화유적지 #문화관광
#제주4.3 #역사유적 #마을산책 #마을관광 #어트랙션",4,화북1동,0.041812619738676476
514,화북비석거리,제주특별자치도 제주시 화북1동 4008,#문화유적지 #문화관광 #역사유적,3,화북1동,0.041812619738676476
515,삼양해안도로,제주특별자치도 제주시 삼양2동,"#해변 #드라이브 #커플
#맑음 #자연경관",-1,삼양2동,0.06438758035952614
516,신비의도로카트체험장,제주특별자치도 제주시 노형동 187-3,"#액티비티 #아이 #맑음
#봄 #체험 #레저/체험 #어린이 #어트랙션 #드라이브",3,노형동,0.1823405630197385
517,개오리오름,제주특별자치도 제주시 봉개동,"#커플 #친구 #맑음
#오름 #자연경관 #도보여행 #도보",-4,봉개동,0.07493194710411372
